0 0.035912 0.697908 0.008598 0.014757
0 0.037525 0.708056 0.008598 0.014757
0 0.037525 0.719893 0.008598 0.014757
0 0.041394 0.722010 0.008598 0.014757
0 0.039456 0.731313 0.008598 0.014757
0 0.042681 0.733002 0.008598 0.014757
0 0.044938 0.735119 0.008598 0.014757
0 0.047512 0.735537 0.008598 0.014757
0 0.051375 0.736809 0.008598 0.014757
0 0.049444 0.727080 0.008598 0.014757
0 0.047512 0.714397 0.008598 0.014757
0 0.045581 0.704249 0.008598 0.014757
0 0.055569 0.708901 0.008598 0.014757
0 0.056531 0.720738 0.008598 0.014757
0 0.064906 0.712281 0.008598 0.014757
0 0.065231 0.725390 0.008598 0.014757
0 0.068775 0.727506 0.008598 0.014757
0 0.072962 0.718630 0.008598 0.014757
0 0.075219 0.731313 0.008598 0.014757
0 0.071350 0.729196 0.008598 0.014757
0 0.058463 0.731731 0.008598 0.014757
0 0.061363 0.733847 0.008598 0.014757
0 0.064906 0.735537 0.008598 0.014757
0 0.067162 0.738499 0.008598 0.014757
0 0.070388 0.738925 0.008598 0.014757
0 0.072962 0.741460 0.008598 0.014757
0 0.078762 0.734692 0.008598 0.014757
0 0.081337 0.734692 0.008598 0.014757
0 0.084562 0.736382 0.008598 0.014757
0 0.076831 0.743577 0.008598 0.014757
0 0.079725 0.746538 0.008598 0.014757
0 0.082625 0.747801 0.008598 0.014757
0 0.086494 0.748228 0.008598 0.014757
0 0.088425 0.737654 0.008598 0.014757
0 0.089713 0.733002 0.008598 0.014757
0 0.090681 0.742305 0.008598 0.014757
0 0.093581 0.733429 0.008598 0.014757
0 0.096156 0.735537 0.008598 0.014757
0 0.095194 0.743150 0.008598 0.014757
0 0.098738 0.745685 0.008598 0.014757
0 0.100669 0.737235 0.008598 0.014757
0 0.103244 0.739344 0.008598 0.014757
0 0.101956 0.747383 0.008598 0.014757
0 0.108075 0.739770 0.008598 0.014757
0 0.105181 0.749491 0.008598 0.014757
0 0.109687 0.751189 0.008598 0.014757
0 0.115812 0.743995 0.008598 0.014757
0 0.120319 0.745685 0.008598 0.014757
0 0.117100 0.754569 0.008598 0.014757
0 0.124187 0.746957 0.008598 0.014757
0 0.121606 0.757949 0.008598 0.014757
0 0.125475 0.758794 0.008598 0.014757
0 0.128050 0.749918 0.008598 0.014757
0 0.131594 0.751608 0.008598 0.014757
0 0.129019 0.761756 0.008598 0.014757
0 0.134175 0.763872 0.008598 0.014757
0 0.136425 0.754569 0.008598 0.014757
0 0.140937 0.755414 0.008598 0.014757
0 0.137394 0.765562 0.008598 0.014757
0 0.143194 0.767252 0.008598 0.014757
0 0.144806 0.758376 0.008598 0.014757
0 0.149313 0.760492 0.008598 0.014757
0 0.146094 0.770213 0.008598 0.014757
0 0.150600 0.771903 0.008598 0.014757
0 0.154144 0.764290 0.008598 0.014757
0 0.157688 0.764290 0.008598 0.014757
0 0.155112 0.774446 0.008598 0.014757
0 0.159625 0.775710 0.008598 0.014757
0 0.045581 0.755841 0.008598 0.014757
0 0.041394 0.767678 0.008598 0.014757
0 0.048156 0.779943 0.008598 0.014757
0 0.053631 0.779943 0.008598 0.014757
0 0.058463 0.785012 0.008598 0.014757
0 0.062656 0.788819 0.008598 0.014757
0 0.066200 0.788819 0.008598 0.014757
0 0.071350 0.795160 0.008598 0.014757
0 0.075538 0.796850 0.008598 0.014757
0 0.071031 0.784167 0.008598 0.014757
0 0.069419 0.771485 0.008598 0.014757
0 0.067806 0.760066 0.008598 0.014757
0 0.061688 0.755414 0.008598 0.014757
0 0.052025 0.749918 0.008598 0.014757
0 0.053956 0.760492 0.008598 0.014757
0 0.062331 0.776981 0.008598 0.014757
0 0.063300 0.765562 0.008598 0.014757
0 0.056212 0.771903 0.008598 0.014757
0 0.056531 0.740189 0.008598 0.014757
0 0.059112 0.742732 0.008598 0.014757
0 0.063300 0.744840 0.008598 0.014757
0 0.065875 0.747383 0.008598 0.014757
0 0.069419 0.749073 0.008598 0.014757
0 0.074575 0.751608 0.008598 0.014757
0 0.077475 0.754988 0.008598 0.014757
0 0.081337 0.755841 0.008598 0.014757
0 0.084238 0.759639 0.008598 0.014757
0 0.088106 0.760911 0.008598 0.014757
0 0.090681 0.763872 0.008598 0.014757
0 0.091325 0.752034 0.008598 0.014757
0 0.095838 0.756259 0.008598 0.014757
0 0.099056 0.758376 0.008598 0.014757
0 0.093581 0.765989 0.008598 0.014757
0 0.097125 0.767678 0.008598 0.014757
0 0.100988 0.771058 0.008598 0.014757
0 0.103244 0.760492 0.008598 0.014757
0 0.107756 0.761756 0.008598 0.014757
0 0.105181 0.773593 0.008598 0.014757
0 0.109369 0.775291 0.008598 0.014757
0 0.111300 0.765144 0.008598 0.014757
0 0.115163 0.767678 0.008598 0.014757
0 0.112912 0.777400 0.008598 0.014757
0 0.115812 0.780361 0.008598 0.014757
0 0.119356 0.768942 0.008598 0.014757
0 0.123863 0.771903 0.008598 0.014757
0 0.120000 0.781206 0.008598 0.014757
0 0.124187 0.785012 0.008598 0.014757
0 0.127406 0.774865 0.008598 0.014757
0 0.130950 0.776136 0.008598 0.014757
0 0.128375 0.786284 0.008598 0.014757
0 0.130950 0.789245 0.008598 0.014757
0 0.135138 0.778244 0.008598 0.014757
0 0.140294 0.779098 0.008598 0.014757
0 0.135781 0.790509 0.008598 0.014757
0 0.140619 0.793052 0.008598 0.014757
0 0.145125 0.783749 0.008598 0.014757
0 0.144806 0.796432 0.008598 0.014757
0 0.152856 0.787547 0.008598 0.014757
0 0.157688 0.789664 0.008598 0.014757
0 0.162200 0.790509 0.008598 0.014757
0 0.154469 0.799811 0.008598 0.014757
0 0.149638 0.797703 0.008598 0.014757
0 0.148669 0.786284 0.008598 0.014757
0 0.158337 0.802354 0.008598 0.014757
0 0.163169 0.804889 0.008598 0.014757
0 0.075862 0.764717 0.008598 0.014757
0 0.078762 0.767252 0.008598 0.014757
0 0.081981 0.769795 0.008598 0.014757
0 0.085850 0.772330 0.008598 0.014757
0 0.089713 0.773593 0.008598 0.014757
0 0.092937 0.776555 0.008598 0.014757
0 0.095513 0.780361 0.008598 0.014757
0 0.099700 0.782051 0.008598 0.014757
0 0.102281 0.783749 0.008598 0.014757
0 0.106788 0.787547 0.008598 0.014757
0 0.110975 0.788819 0.008598 0.014757
0 0.114844 0.790509 0.008598 0.014757
0 0.117419 0.792625 0.008598 0.014757
0 0.121931 0.794315 0.008598 0.014757
0 0.126119 0.798121 0.008598 0.014757
0 0.130306 0.799393 0.008598 0.014757
0 0.133850 0.803618 0.008598 0.014757
0 0.138038 0.805308 0.008598 0.014757
0 0.142225 0.808269 0.008598 0.014757
0 0.146738 0.809959 0.008598 0.014757
0 0.152212 0.813765 0.008598 0.014757
0 0.077794 0.776981 0.008598 0.014757
0 0.080694 0.779516 0.008598 0.014757
0 0.083594 0.781206 0.008598 0.014757
0 0.087137 0.783749 0.008598 0.014757
0 0.091325 0.786702 0.008598 0.014757
0 0.097769 0.791780 0.008598 0.014757
0 0.100988 0.794315 0.008598 0.014757
0 0.104213 0.795587 0.008598 0.014757
0 0.108725 0.798121 0.008598 0.014757
0 0.112269 0.800656 0.008598 0.014757
0 0.116131 0.803199 0.008598 0.014757
0 0.119031 0.804463 0.008598 0.014757
0 0.123219 0.808696 0.008598 0.014757
0 0.128694 0.810804 0.008598 0.014757
0 0.131919 0.812502 0.008598 0.014757
0 0.134819 0.814610 0.008598 0.014757
0 0.139325 0.817153 0.008598 0.014757
0 0.144481 0.819262 0.008598 0.014757
0 0.148994 0.820960 0.008598 0.014757
0 0.151569 0.825611 0.008598 0.014757
0 0.159625 0.818417 0.008598 0.014757
0 0.164456 0.817998 0.008598 0.014757
0 0.155437 0.815037 0.008598 0.014757
0 0.157044 0.826874 0.008598 0.014757
0 0.078762 0.790090 0.008598 0.014757
0 0.081981 0.793052 0.008598 0.014757
0 0.085525 0.793052 0.008598 0.014757
0 0.089069 0.796432 0.008598 0.014757
0 0.092613 0.797703 0.008598 0.014757
0 0.081019 0.801928 0.008598 0.014757
0 0.084238 0.804044 0.008598 0.014757
0 0.087781 0.806153 0.008598 0.014757
0 0.090356 0.807851 0.008598 0.014757
0 0.091969 0.810386 0.008598 0.014757
0 0.097769 0.805308 0.008598 0.014757
0 0.099700 0.816727 0.008598 0.014757
0 0.101638 0.807006 0.008598 0.014757
0 0.106788 0.810804 0.008598 0.014757
0 0.103887 0.819262 0.008598 0.014757
0 0.107431 0.822223 0.008598 0.014757
0 0.111300 0.813765 0.008598 0.014757
0 0.117744 0.816308 0.008598 0.014757
0 0.111619 0.824340 0.008598 0.014757
0 0.121606 0.820107 0.008598 0.014757
0 0.118387 0.830263 0.008598 0.014757
0 0.125475 0.823913 0.008598 0.014757
0 0.122575 0.831952 0.008598 0.014757
0 0.127087 0.835332 0.008598 0.014757
0 0.136425 0.830263 0.008598 0.014757
0 0.132881 0.826874 0.008598 0.014757
0 0.129337 0.823913 0.008598 0.014757
0 0.130950 0.837449 0.008598 0.014757
0 0.134175 0.839984 0.008598 0.014757
0 0.141906 0.831952 0.008598 0.014757
0 0.146413 0.833642 0.008598 0.014757
0 0.170575 0.769368 0.008598 0.014757
0 0.168644 0.780361 0.008598 0.014757
0 0.171863 0.780788 0.008598 0.014757
0 0.178631 0.773175 0.008598 0.014757
0 0.178306 0.784594 0.008598 0.014757
0 0.182819 0.787547 0.008598 0.014757
0 0.169612 0.794315 0.008598 0.014757
0 0.173156 0.796432 0.008598 0.014757
0 0.179275 0.799811 0.008598 0.014757
0 0.182819 0.800238 0.008598 0.014757
0 0.188938 0.804044 0.008598 0.014757
0 0.191194 0.790935 0.008598 0.014757
0 0.189581 0.776555 0.008598 0.014757
0 0.194094 0.779516 0.008598 0.014757
0 0.199569 0.781206 0.008598 0.014757
0 0.196025 0.793052 0.008598 0.014757
0 0.200538 0.796432 0.008598 0.014757
0 0.206981 0.798548 0.008598 0.014757
0 0.205369 0.784594 0.008598 0.014757
0 0.209556 0.786284 0.008598 0.014757
0 0.214388 0.787974 0.008598 0.014757
0 0.211812 0.800238 0.008598 0.014757
0 0.216325 0.802773 0.008598 0.014757
0 0.192806 0.805308 0.008598 0.014757
0 0.198281 0.807851 0.008598 0.014757
0 0.203756 0.810804 0.008598 0.014757
0 0.204081 0.824758 0.008598 0.014757
0 0.198606 0.822650 0.008598 0.014757
0 0.194419 0.820533 0.008598 0.014757
0 0.189263 0.816727 0.008598 0.014757
0 0.184431 0.814192 0.008598 0.014757
0 0.179600 0.812075 0.008598 0.014757
0 0.175406 0.808696 0.008598 0.014757
0 0.171219 0.806579 0.008598 0.014757
0 0.171544 0.820533 0.008598 0.014757
0 0.177019 0.824340 0.008598 0.014757
0 0.181850 0.826456 0.008598 0.014757
0 0.186362 0.828564 0.008598 0.014757
0 0.191194 0.832797 0.008598 0.014757
0 0.196350 0.834061 0.008598 0.014757
0 0.201181 0.837867 0.008598 0.014757
0 0.161231 0.829836 0.008598 0.014757
0 0.164131 0.831952 0.008598 0.014757
0 0.149638 0.835759 0.008598 0.014757
0 0.153825 0.838294 0.008598 0.014757
0 0.173800 0.834914 0.008598 0.014757
0 0.221475 0.806153 0.008598 0.014757
0 0.212781 0.817153 0.008598 0.014757
0 0.218256 0.818843 0.008598 0.014757
0 0.215037 0.831107 0.008598 0.014757
0 0.208913 0.826874 0.008598 0.014757
0 0.219869 0.833642 0.008598 0.014757
0 0.223087 0.821805 0.008598 0.014757
0 0.227275 0.809959 0.008598 0.014757
0 0.230819 0.797276 0.008598 0.014757
0 0.225019 0.793470 0.008598 0.014757
0 0.235975 0.800238 0.008598 0.014757
0 0.242094 0.802354 0.008598 0.014757
0 0.233400 0.812075 0.008598 0.014757
0 0.237263 0.815037 0.008598 0.014757
0 0.243388 0.817572 0.008598 0.014757
0 0.247894 0.804889 0.008598 0.014757
0 0.253369 0.807006 0.008598 0.014757
0 0.249181 0.819688 0.008598 0.014757
0 0.254019 0.823068 0.008598 0.014757
0 0.262712 0.813347 0.008598 0.014757
0 0.265294 0.828146 0.008598 0.014757
0 0.227600 0.823913 0.008598 0.014757
0 0.224700 0.836177 0.008598 0.014757
0 0.230500 0.837867 0.008598 0.014757
0 0.233719 0.826874 0.008598 0.014757
0 0.238550 0.830681 0.008598 0.014757
0 0.246606 0.833216 0.008598 0.014757
0 0.251763 0.836177 0.008598 0.014757
0 0.257237 0.839565 0.008598 0.014757
0 0.269481 0.831526 0.008598 0.014757
0 0.178306 0.838712 0.008598 0.014757
0 0.182819 0.839984 0.008598 0.014757
0 0.138681 0.842518 0.008598 0.014757
0 0.142550 0.843363 0.008598 0.014757
0 0.147381 0.845480 0.008598 0.014757
0 0.151250 0.849713 0.008598 0.014757
0 0.155437 0.852248 0.008598 0.014757
0 0.159944 0.855628 0.008598 0.014757
0 0.163488 0.857317 0.008598 0.014757
0 0.162525 0.843363 0.008598 0.014757
0 0.157688 0.840829 0.008598 0.014757
0 0.167675 0.848015 0.008598 0.014757
0 0.168969 0.861969 0.008598 0.014757
0 0.174763 0.848868 0.008598 0.014757
0 0.176700 0.863240 0.008598 0.014757
0 0.178631 0.852248 0.008598 0.014757
0 0.180562 0.865775 0.008598 0.014757
0 0.184750 0.869582 0.008598 0.014757
0 0.184750 0.856899 0.008598 0.014757
0 0.187006 0.840410 0.008598 0.014757
0 0.192481 0.846325 0.008598 0.014757
0 0.191194 0.856899 0.008598 0.014757
0 0.191519 0.871698 0.008598 0.014757
0 0.196994 0.848868 0.008598 0.014757
0 0.194419 0.859861 0.008598 0.014757
0 0.195063 0.874233 0.008598 0.014757
0 0.199894 0.876349 0.008598 0.014757
0 0.198606 0.863667 0.008598 0.014757
0 0.201825 0.850976 0.008598 0.014757
0 0.205694 0.840829 0.008598 0.014757
0 0.210844 0.842100 0.008598 0.014757
0 0.207950 0.853519 0.008598 0.014757
0 0.204081 0.866620 0.008598 0.014757
0 0.205694 0.880574 0.008598 0.014757
0 0.209237 0.883117 0.008598 0.014757
0 0.209556 0.869582 0.008598 0.014757
0 0.214388 0.872543 0.008598 0.014757
0 0.211812 0.857317 0.008598 0.014757
0 0.216644 0.846325 0.008598 0.014757
0 0.220831 0.849286 0.008598 0.014757
0 0.218256 0.860705 0.008598 0.014757
0 0.226631 0.851403 0.008598 0.014757
0 0.222769 0.863240 0.008598 0.014757
0 0.230819 0.856473 0.008598 0.014757
0 0.228244 0.866202 0.008598 0.014757
0 0.233719 0.868737 0.008598 0.014757
0 0.237263 0.858171 0.008598 0.014757
0 0.235006 0.839984 0.008598 0.014757
0 0.241131 0.843790 0.008598 0.014757
0 0.246606 0.847170 0.008598 0.014757
0 0.252725 0.850558 0.008598 0.014757
0 0.242419 0.861969 0.008598 0.014757
0 0.248537 0.863667 0.008598 0.014757
0 0.254662 0.868737 0.008598 0.014757
0 0.257562 0.851821 0.008598 0.014757
0 0.239194 0.872970 0.008598 0.014757
0 0.243062 0.874660 0.008598 0.014757
0 0.249825 0.879311 0.008598 0.014757
0 0.254662 0.881001 0.008598 0.014757
0 0.259813 0.885226 0.008598 0.014757
0 0.218256 0.875923 0.008598 0.014757
0 0.222769 0.878884 0.008598 0.014757
0 0.228888 0.883117 0.008598 0.014757
0 0.234044 0.885652 0.008598 0.014757
0 0.239844 0.888614 0.008598 0.014757
0 0.245319 0.892420 0.008598 0.014757
0 0.251763 0.895800 0.008598 0.014757
0 0.256594 0.899180 0.008598 0.014757
0 0.263037 0.900033 0.008598 0.014757
0 0.214388 0.886497 0.008598 0.014757
0 0.219869 0.889459 0.008598 0.014757
0 0.225019 0.891993 0.008598 0.014757
0 0.230819 0.895381 0.008598 0.014757
0 0.236619 0.898761 0.008598 0.014757
0 0.240806 0.902568 0.008598 0.014757
0 0.246931 0.905947 0.008598 0.014757
0 0.253050 0.909336 0.008598 0.014757
0 0.258206 0.913134 0.008598 0.014757
0 0.262394 0.916095 0.008598 0.014757
0 0.273987 0.817998 0.008598 0.014757
0 0.279469 0.822650 0.008598 0.014757
0 0.287200 0.825185 0.008598 0.014757
0 0.293962 0.827719 0.008598 0.014757
0 0.274631 0.833642 0.008598 0.014757
0 0.281719 0.837867 0.008598 0.014757
0 0.288487 0.839139 0.008598 0.014757
0 0.265294 0.844217 0.008598 0.014757
0 0.272056 0.847170 0.008598 0.014757
0 0.277531 0.851403 0.008598 0.014757
0 0.283331 0.855628 0.008598 0.014757
0 0.288806 0.857744 0.008598 0.014757
0 0.266900 0.861124 0.008598 0.014757
0 0.273344 0.863667 0.008598 0.014757
0 0.279469 0.865357 0.008598 0.014757
0 0.284944 0.870008 0.008598 0.014757
0 0.292350 0.871698 0.008598 0.014757
0 0.296219 0.862822 0.008598 0.014757
0 0.294287 0.843790 0.008598 0.014757
0 0.300406 0.830263 0.008598 0.014757
0 0.306525 0.834487 0.008598 0.014757
0 0.312650 0.837867 0.008598 0.014757
0 0.299438 0.848441 0.008598 0.014757
0 0.309106 0.850558 0.008598 0.014757
0 0.313938 0.853519 0.008598 0.014757
0 0.303306 0.864085 0.008598 0.014757
0 0.308781 0.866620 0.008598 0.014757
0 0.319737 0.857317 0.008598 0.014757
0 0.327144 0.843790 0.008598 0.014757
0 0.334556 0.848868 0.008598 0.014757
0 0.341644 0.850131 0.008598 0.014757
0 0.328437 0.860705 0.008598 0.014757
0 0.334556 0.863667 0.008598 0.014757
0 0.341969 0.867892 0.008598 0.014757
0 0.314581 0.872125 0.008598 0.014757
0 0.321994 0.875078 0.008598 0.014757
0 0.328756 0.878466 0.008598 0.014757
0 0.337131 0.882691 0.008598 0.014757
0 0.344219 0.886924 0.008598 0.014757
0 0.349056 0.870853 0.008598 0.014757
0 0.297831 0.875923 0.008598 0.014757
0 0.302981 0.879729 0.008598 0.014757
0 0.309106 0.883962 0.008598 0.014757
0 0.317806 0.888187 0.008598 0.014757
0 0.323925 0.891148 0.008598 0.014757
0 0.330369 0.896226 0.008598 0.014757
0 0.336813 0.897916 0.008598 0.014757
0 0.345513 0.902986 0.008598 0.014757
0 0.268512 0.876776 0.008598 0.014757
0 0.274313 0.880156 0.008598 0.014757
0 0.280431 0.883117 0.008598 0.014757
0 0.288162 0.885652 0.008598 0.014757
0 0.298794 0.894110 0.008598 0.014757
0 0.306206 0.897490 0.008598 0.014757
0 0.312325 0.902568 0.008598 0.014757
0 0.319412 0.905103 0.008598 0.014757
0 0.324894 0.910180 0.008598 0.014757
0 0.331331 0.914405 0.008598 0.014757
0 0.337775 0.917785 0.008598 0.014757
0 0.345513 0.922445 0.008598 0.014757
0 0.270125 0.892420 0.008598 0.014757
0 0.276569 0.895381 0.008598 0.014757
0 0.282044 0.898761 0.008598 0.014757
0 0.271088 0.908482 0.008598 0.014757
0 0.272056 0.923290 0.008598 0.014757
0 0.279469 0.926669 0.008598 0.014757
0 0.276888 0.914832 0.008598 0.014757
0 0.283656 0.916522 0.008598 0.014757
0 0.284619 0.930894 0.008598 0.014757
0 0.289456 0.919483 0.008598 0.014757
0 0.288162 0.903831 0.008598 0.014757
0 0.294931 0.905529 0.008598 0.014757
0 0.301694 0.910180 0.008598 0.014757
0 0.295575 0.922863 0.008598 0.014757
0 0.292350 0.935546 0.008598 0.014757
0 0.296544 0.938934 0.008598 0.014757
0 0.302019 0.929631 0.008598 0.014757
0 0.307494 0.914405 0.008598 0.014757
0 0.314263 0.917367 0.008598 0.014757
0 0.308463 0.931747 0.008598 0.014757
0 0.302981 0.943158 0.008598 0.014757
0 0.308463 0.946965 0.008598 0.014757
0 0.316837 0.951198 0.008598 0.014757
0 0.314263 0.935972 0.008598 0.014757
0 0.319737 0.920747 0.008598 0.014757
0 0.327144 0.925398 0.008598 0.014757
0 0.321669 0.940197 0.008598 0.014757
0 0.328756 0.944003 0.008598 0.014757
0 0.334231 0.930476 0.008598 0.014757
0 0.341000 0.934282 0.008598 0.014757
0 0.347444 0.937244 0.008598 0.014757
0 0.356787 0.942740 0.008598 0.014757
0 0.353888 0.926669 0.008598 0.014757
0 0.360975 0.930049 0.008598 0.014757
0 0.350988 0.907637 0.008598 0.014757
0 0.350019 0.891575 0.008598 0.014757
0 0.355819 0.876349 0.008598 0.014757
0 0.361938 0.862395 0.008598 0.014757
0 0.369350 0.867047 0.008598 0.014757
0 0.363550 0.880156 0.008598 0.014757
0 0.358719 0.894955 0.008598 0.014757
0 0.371606 0.883117 0.008598 0.014757
0 0.378050 0.870853 0.008598 0.014757
0 0.378050 0.886924 0.008598 0.014757
0 0.394156 0.878466 0.008598 0.014757
0 0.386744 0.893265 0.008598 0.014757
0 0.396413 0.897490 0.008598 0.014757
0 0.400600 0.883962 0.008598 0.014757
0 0.408331 0.889032 0.008598 0.014757
0 0.401888 0.900878 0.008598 0.014757
0 0.412194 0.905947 0.008598 0.014757
0 0.418319 0.892838 0.008598 0.014757
0 0.426694 0.897071 0.008598 0.014757
0 0.418319 0.910180 0.008598 0.014757
0 0.428950 0.914832 0.008598 0.014757
0 0.429594 0.935127 0.008598 0.014757
0 0.420250 0.929631 0.008598 0.014757
0 0.411875 0.926243 0.008598 0.014757
0 0.404144 0.922018 0.008598 0.014757
0 0.396088 0.917367 0.008598 0.014757
0 0.389000 0.912289 0.008598 0.014757
0 0.381269 0.908064 0.008598 0.014757
0 0.373862 0.902986 0.008598 0.014757
0 0.366450 0.899180 0.008598 0.014757
0 0.357750 0.910599 0.008598 0.014757
0 0.366450 0.914405 0.008598 0.014757
0 0.373862 0.919057 0.008598 0.014757
0 0.368063 0.933437 0.008598 0.014757
0 0.361619 0.946546 0.008598 0.014757
0 0.369994 0.949926 0.008598 0.014757
0 0.374825 0.938507 0.008598 0.014757
0 0.381912 0.923290 0.008598 0.014757
0 0.390613 0.930894 0.008598 0.014757
0 0.383844 0.942740 0.008598 0.014757
0 0.392869 0.949500 0.008598 0.014757
0 0.398669 0.934282 0.008598 0.014757
0 0.407044 0.938934 0.008598 0.014757
0 0.414131 0.944003 0.008598 0.014757
0 0.421538 0.946965 0.008598 0.014757
0 0.321800 0.955931 0.008598 0.014757
0 0.329919 0.959483 0.008598 0.014757
0 0.334944 0.947810 0.008598 0.014757
0 0.341512 0.950353 0.008598 0.014757
0 0.348087 0.955422 0.008598 0.014757
0 0.354656 0.959992 0.008598 0.014757
0 0.336875 0.963544 0.008598 0.014757
0 0.344606 0.969122 0.008598 0.014757
0 0.349631 0.972166 0.008598 0.014757
0 0.356981 0.977244 0.008598 0.014757
0 0.364712 0.964053 0.008598 0.014757
0 0.365481 0.982313 0.008598 0.014757
0 0.370506 0.969122 0.008598 0.014757
0 0.371281 0.986374 0.008598 0.014757
0 0.378625 0.974200 0.008598 0.014757
0 0.377469 0.992461 0.008598 0.014757
0 0.387519 0.995513 0.008598 0.014757
0 0.395250 0.985357 0.008598 0.014757
0 0.385588 0.979270 0.008598 0.014757
0 0.376694 0.954914 0.008598 0.014757
0 0.383650 0.959483 0.008598 0.014757
0 0.392931 0.967605 0.008598 0.014757
0 0.400662 0.972674 0.008598 0.014757
0 0.402212 0.991961 0.008598 0.014757
0 0.399119 0.952379 0.008598 0.014757
0 0.408394 0.958975 0.008598 0.014757
0 0.413806 0.965062 0.008598 0.014757
0 0.407619 0.977244 0.008598 0.014757
0 0.418063 0.982313 0.008598 0.014757
0 0.411875 0.996522 0.008598 0.014757
0 0.425406 0.987900 0.008598 0.014757
0 0.424244 0.968614 0.008598 0.014757
0 0.430431 0.953396 0.008598 0.014757
0 0.437388 0.918384 0.008598 0.014757
0 0.434681 0.901632 0.008598 0.014757
0 0.442412 0.905185 0.008598 0.014757
0 0.445506 0.923454 0.008598 0.014757
0 0.452469 0.912289 0.008598 0.014757
0 0.455556 0.929541 0.008598 0.014757
0 0.462906 0.915841 0.008598 0.014757
0 0.462131 0.934110 0.008598 0.014757
0 0.470637 0.920410 0.008598 0.014757
0 0.481850 0.923962 0.008598 0.014757
0 0.472956 0.937662 0.008598 0.014757
0 0.481850 0.944766 0.008598 0.014757
0 0.491125 0.930049 0.008598 0.014757
0 0.491512 0.948827 0.008598 0.014757
0 0.500787 0.935636 0.008598 0.014757
0 0.501563 0.954914 0.008598 0.014757
0 0.510069 0.939696 0.008598 0.014757
0 0.520506 0.944766 0.008598 0.014757
0 0.512000 0.959992 0.008598 0.014757
0 0.522825 0.963544 0.008598 0.014757
0 0.531719 0.948827 0.008598 0.014757
0 0.542156 0.955931 0.008598 0.014757
0 0.532875 0.970139 0.008598 0.014757
0 0.542931 0.975718 0.008598 0.014757
0 0.544863 0.997030 0.008598 0.014757
0 0.534425 0.993478 0.008598 0.014757
0 0.522825 0.987900 0.008598 0.014757
0 0.513937 0.980796 0.008598 0.014757
0 0.512775 0.998556 0.008598 0.014757
0 0.502725 0.995513 0.008598 0.014757
0 0.503494 0.976735 0.008598 0.014757
0 0.494606 0.970648 0.008598 0.014757
0 0.493831 0.989926 0.008598 0.014757
0 0.484938 0.984348 0.008598 0.014757
0 0.482619 0.965062 0.008598 0.014757
0 0.473344 0.958975 0.008598 0.014757
0 0.466381 0.973183 0.008598 0.014757
0 0.475275 0.977752 0.008598 0.014757
0 0.457106 0.969122 0.008598 0.014757
0 0.464450 0.954914 0.008598 0.014757
0 0.456331 0.950353 0.008598 0.014757
0 0.446281 0.944766 0.008598 0.014757
0 0.438162 0.940197 0.008598 0.014757
0 0.438937 0.956948 0.008598 0.014757
0 0.448213 0.963035 0.008598 0.014757
0 0.449375 0.984348 0.008598 0.014757
0 0.440094 0.977752 0.008598 0.014757
0 0.431975 0.974709 0.008598 0.014757
0 0.432750 0.991452 0.008598 0.014757
0 0.441644 0.996013 0.008598 0.014757
0 0.449763 0.998048 0.008598 0.014757
0 0.459425 0.988909 0.008598 0.014757
0 0.469087 0.993987 0.008598 0.014757
0 0.476050 0.997030 0.008598 0.014757
0 0.026981 0.355800 0.008598 0.014757
0 0.027756 0.361386 0.008598 0.014757
0 0.028919 0.367982 0.008598 0.014757
0 0.025050 0.375595 0.008598 0.014757
0 0.026981 0.380664 0.008598 0.014757
0 0.027369 0.388277 0.008598 0.014757
0 0.027369 0.392847 0.008598 0.014757
0 0.030850 0.392847 0.008598 0.014757
0 0.030075 0.387260 0.008598 0.014757
0 0.028919 0.380664 0.008598 0.014757
0 0.027369 0.375086 0.008598 0.014757
0 0.030463 0.375086 0.008598 0.014757
0 0.031625 0.380664 0.008598 0.014757
0 0.033556 0.386760 0.008598 0.014757
0 0.033556 0.391321 0.008598 0.014757
0 0.034713 0.349204 0.008598 0.014757
0 0.036263 0.355299 0.008598 0.014757
0 0.036263 0.360369 0.008598 0.014757
0 0.037037 0.366965 0.008598 0.014757
0 0.038194 0.375086 0.008598 0.014757
0 0.040125 0.380664 0.008598 0.014757
0 0.040125 0.385742 0.008598 0.014757
0 0.040125 0.391829 0.008598 0.014757
0 0.050181 0.391321 0.008598 0.014757
0 0.049794 0.386760 0.008598 0.014757
0 0.047862 0.380156 0.008598 0.014757
0 0.047088 0.374069 0.008598 0.014757
0 0.045925 0.364938 0.008598 0.014757
0 0.044381 0.354282 0.008598 0.014757
0 0.049406 0.347178 0.008598 0.014757
0 0.050181 0.355800 0.008598 0.014757
0 0.051338 0.365956 0.008598 0.014757
0 0.052112 0.374578 0.008598 0.014757
0 0.052112 0.380156 0.008598 0.014757
0 0.052500 0.386760 0.008598 0.014757
0 0.053656 0.392847 0.008598 0.014757
0 0.061006 0.391829 0.008598 0.014757
0 0.059844 0.384725 0.008598 0.014757
0 0.059844 0.378638 0.008598 0.014757
0 0.058681 0.373052 0.008598 0.014757
0 0.056363 0.364938 0.008598 0.014757
0 0.055206 0.360878 0.008598 0.014757
0 0.060231 0.360878 0.008598 0.014757
0 0.060619 0.365956 0.008598 0.014757
0 0.061775 0.373052 0.008598 0.014757
0 0.062938 0.380156 0.008598 0.014757
0 0.063713 0.385742 0.008598 0.014757
0 0.064869 0.392338 0.008598 0.014757
0 0.068350 0.358852 0.008598 0.014757
0 0.068738 0.365447 0.008598 0.014757
0 0.069894 0.373052 0.008598 0.014757
0 0.070281 0.380156 0.008598 0.014757
0 0.070669 0.385742 0.008598 0.014757
0 0.072212 0.392338 0.008598 0.014757
0 0.076856 0.364938 0.008598 0.014757
0 0.076856 0.372551 0.008598 0.014757
0 0.076469 0.378130 0.008598 0.014757
0 0.077244 0.383208 0.008598 0.014757
0 0.078012 0.390812 0.008598 0.014757
0 0.082269 0.391829 0.008598 0.014757
0 0.082650 0.386760 0.008598 0.014757
0 0.082269 0.382190 0.008598 0.014757
0 0.082269 0.378130 0.008598 0.014757
0 0.080331 0.372551 0.008598 0.014757
0 0.083038 0.362904 0.008598 0.014757
0 0.085356 0.373052 0.008598 0.014757
0 0.085744 0.380156 0.008598 0.014757
0 0.086131 0.385234 0.008598 0.014757
0 0.085744 0.392847 0.008598 0.014757
0 0.090769 0.391321 0.008598 0.014757
0 0.089612 0.385742 0.008598 0.014757
0 0.089612 0.378638 0.008598 0.014757
0 0.088837 0.371025 0.008598 0.014757
0 0.094250 0.357326 0.008598 0.014757
0 0.095412 0.363921 0.008598 0.014757
0 0.096956 0.372551 0.008598 0.014757
0 0.097344 0.376604 0.008598 0.014757
0 0.098888 0.385234 0.008598 0.014757
0 0.098888 0.390312 0.008598 0.014757
0 0.103144 0.362346 0.008598 0.014757
0 0.104494 0.370878 0.008598 0.014757
0 0.105388 0.377063 0.008598 0.014757
0 0.106044 0.384979 0.008598 0.014757
0 0.106506 0.391124 0.008598 0.014757
0 0.111412 0.391427 0.008598 0.014757
0 0.109406 0.385283 0.008598 0.014757
0 0.108750 0.377317 0.008598 0.014757
0 0.108281 0.372650 0.008598 0.014757
0 0.107394 0.362346 0.008598 0.014757
0 0.107163 0.355603 0.008598 0.014757
0 0.107856 0.349459 0.008598 0.014757
0 0.113656 0.356514 0.008598 0.014757
0 0.115244 0.362961 0.008598 0.014757
0 0.116131 0.371181 0.008598 0.014757
0 0.117019 0.378228 0.008598 0.014757
0 0.117681 0.384372 0.008598 0.014757
0 0.118144 0.390870 0.008598 0.014757
0 0.121931 0.391124 0.008598 0.014757
0 0.121700 0.384372 0.008598 0.014757
0 0.120575 0.378540 0.008598 0.014757
0 0.119262 0.369705 0.008598 0.014757
0 0.119031 0.361181 0.008598 0.014757
0 0.121275 0.347080 0.008598 0.014757
0 0.122394 0.353568 0.008598 0.014757
0 0.123519 0.360878 0.008598 0.014757
0 0.123706 0.370566 0.008598 0.014757
0 0.125294 0.377063 0.008598 0.014757
0 0.125756 0.384676 0.008598 0.014757
0 0.126181 0.389951 0.008598 0.014757
0 0.132212 0.391124 0.008598 0.014757
0 0.129312 0.383208 0.008598 0.014757
0 0.127963 0.376760 0.008598 0.014757
0 0.127963 0.370878 0.008598 0.014757
0 0.126413 0.360016 0.008598 0.014757
0 0.125950 0.354126 0.008598 0.014757
0 0.125756 0.348244 0.008598 0.014757
0 0.124406 0.341493 0.008598 0.014757
0 0.136275 0.360016 0.008598 0.014757
0 0.138281 0.369705 0.008598 0.014757
0 0.137356 0.377063 0.008598 0.014757
0 0.138050 0.382896 0.008598 0.014757
0 0.140294 0.390558 0.008598 0.014757
0 0.144081 0.367933 0.008598 0.014757
0 0.145669 0.374422 0.008598 0.014757
0 0.146788 0.381731 0.008598 0.014757
0 0.146788 0.389647 0.008598 0.014757
0 0.150344 0.389089 0.008598 0.014757
0 0.150344 0.382896 0.008598 0.014757
0 0.150575 0.374988 0.008598 0.014757
0 0.147675 0.367629 0.008598 0.014757
0 0.153050 0.366153 0.008598 0.014757
0 0.154600 0.374422 0.008598 0.014757
0 0.155256 0.382896 0.008598 0.014757
0 0.155488 0.389951 0.008598 0.014757
0 0.159081 0.389951 0.008598 0.014757
0 0.159081 0.382034 0.008598 0.014757
0 0.159081 0.374988 0.008598 0.014757
0 0.159506 0.367629 0.008598 0.014757
0 0.157069 0.357071 0.008598 0.014757
0 0.158619 0.344742 0.008598 0.014757
0 0.159738 0.352100 0.008598 0.014757
0 0.161519 0.359155 0.008598 0.014757
0 0.162638 0.370008 0.008598 0.014757
0 0.162638 0.377063 0.008598 0.014757
0 0.163763 0.384069 0.008598 0.014757
0 0.164225 0.389089 0.008598 0.014757
0 0.169363 0.389647 0.008598 0.014757
0 0.168244 0.382896 0.008598 0.014757
0 0.167356 0.374988 0.008598 0.014757
0 0.166469 0.368540 0.008598 0.014757
0 0.172963 0.343577 0.008598 0.014757
0 0.174506 0.349713 0.008598 0.014757
0 0.176094 0.358852 0.008598 0.014757
0 0.176288 0.367629 0.008598 0.014757
0 0.177869 0.375849 0.008598 0.014757
0 0.178100 0.383511 0.008598 0.014757
0 0.179650 0.389951 0.008598 0.014757
0 0.183244 0.349155 0.008598 0.014757
0 0.184131 0.356210 0.008598 0.014757
0 0.184788 0.367375 0.008598 0.014757
0 0.187031 0.374118 0.008598 0.014757
0 0.188156 0.382338 0.008598 0.014757
0 0.187919 0.388482 0.008598 0.014757
0 0.193294 0.389393 0.008598 0.014757
0 0.192175 0.382034 0.008598 0.014757
0 0.192175 0.375291 0.008598 0.014757
0 0.190162 0.367071 0.008598 0.014757
0 0.194187 0.356210 0.008598 0.014757
0 0.196425 0.366456 0.008598 0.014757
0 0.196894 0.373815 0.008598 0.014757
0 0.197319 0.382338 0.008598 0.014757
0 0.197319 0.387925 0.008598 0.014757
0 0.202687 0.389089 0.008598 0.014757
0 0.202031 0.382650 0.008598 0.014757
0 0.201375 0.374118 0.008598 0.014757
0 0.201144 0.367375 0.008598 0.014757
0 0.200256 0.355603 0.008598 0.014757
0 0.198900 0.349155 0.008598 0.014757
0 0.197550 0.340025 0.008598 0.014757
0 0.196194 0.333019 0.008598 0.014757
0 0.205819 0.366456 0.008598 0.014757
0 0.206050 0.374118 0.008598 0.014757
0 0.207175 0.381173 0.008598 0.014757
0 0.208062 0.388786 0.008598 0.014757
0 0.213206 0.389393 0.008598 0.014757
0 0.211887 0.381427 0.008598 0.014757
0 0.211656 0.373208 0.008598 0.014757
0 0.209650 0.353823 0.008598 0.014757
0 0.209419 0.347383 0.008598 0.014757
0 0.219469 0.337990 0.008598 0.014757
0 0.219700 0.347080 0.008598 0.014757
0 0.221050 0.354430 0.008598 0.014757
0 0.221475 0.365595 0.008598 0.014757
0 0.222831 0.373208 0.008598 0.014757
0 0.223062 0.379959 0.008598 0.014757
0 0.223294 0.388228 0.008598 0.014757
0 0.219275 0.388482 0.008598 0.014757
0 0.217456 0.380566 0.008598 0.014757
0 0.217031 0.373511 0.008598 0.014757
0 0.216800 0.365898 0.008598 0.014757
0 0.215450 0.354430 0.008598 0.014757
0 0.225731 0.353265 0.008598 0.014757
0 0.226850 0.364430 0.008598 0.014757
0 0.227550 0.372650 0.008598 0.014757
0 0.228862 0.380263 0.008598 0.014757
0 0.228669 0.388786 0.008598 0.014757
0 0.235587 0.387006 0.008598 0.014757
0 0.234700 0.378786 0.008598 0.014757
0 0.233344 0.372346 0.008598 0.014757
0 0.233581 0.363823 0.008598 0.014757
0 0.231338 0.353568 0.008598 0.014757
0 0.230875 0.344742 0.008598 0.014757
0 0.234931 0.337129 0.008598 0.014757
0 0.236712 0.345349 0.008598 0.014757
0 0.236944 0.350935 0.008598 0.014757
0 0.237600 0.363823 0.008598 0.014757
0 0.238950 0.371485 0.008598 0.014757
0 0.239181 0.380263 0.008598 0.014757
0 0.240731 0.387621 0.008598 0.014757
0 0.247456 0.388228 0.008598 0.014757
0 0.246337 0.379705 0.008598 0.014757
0 0.244750 0.371485 0.008598 0.014757
0 0.243438 0.363265 0.008598 0.014757
0 0.247688 0.343577 0.008598 0.014757
0 0.250125 0.352100 0.008598 0.014757
0 0.248769 0.363823 0.008598 0.014757
0 0.251013 0.370312 0.008598 0.014757
0 0.251013 0.380263 0.008598 0.014757
0 0.251475 0.386144 0.008598 0.014757
0 0.256169 0.342100 0.008598 0.014757
0 0.256837 0.350911 0.008598 0.014757
0 0.259075 0.369409 0.008598 0.014757
0 0.259744 0.378220 0.008598 0.014757
0 0.259744 0.386735 0.008598 0.014757
0 0.266456 0.385857 0.008598 0.014757
0 0.265338 0.378220 0.008598 0.014757
0 0.265338 0.369409 0.008598 0.014757
0 0.264669 0.362363 0.008598 0.014757
0 0.262656 0.349442 0.008598 0.014757
0 0.262206 0.343281 0.008598 0.014757
0 0.261537 0.334471 0.008598 0.014757
0 0.266231 0.334176 0.008598 0.014757
0 0.268469 0.343864 0.008598 0.014757
0 0.268694 0.350911 0.008598 0.014757
0 0.270038 0.361780 0.008598 0.014757
0 0.270706 0.369705 0.008598 0.014757
0 0.271156 0.377047 0.008598 0.014757
0 0.272500 0.386735 0.008598 0.014757
0 0.278312 0.384684 0.008598 0.014757
0 0.277419 0.377342 0.008598 0.014757
0 0.276969 0.368236 0.008598 0.014757
0 0.277644 0.360894 0.008598 0.014757
0 0.274738 0.348564 0.008598 0.014757
0 0.273837 0.341518 0.008598 0.014757
0 0.275181 0.333298 0.008598 0.014757
0 0.282788 0.347974 0.008598 0.014757
0 0.281894 0.360016 0.008598 0.014757
0 0.283237 0.367654 0.008598 0.014757
0 0.284131 0.377047 0.008598 0.014757
0 0.283463 0.384389 0.008598 0.014757
0 0.291069 0.384684 0.008598 0.014757
0 0.289950 0.375874 0.008598 0.014757
0 0.290394 0.366768 0.008598 0.014757
0 0.289500 0.359139 0.008598 0.014757
0 0.294425 0.348860 0.008598 0.014757
0 0.295319 0.357957 0.008598 0.014757
0 0.296438 0.367358 0.008598 0.014757
0 0.297556 0.375874 0.008598 0.014757
0 0.297331 0.384684 0.008598 0.014757
0 0.305163 0.383798 0.008598 0.014757
0 0.303594 0.374110 0.008598 0.014757
0 0.302925 0.367358 0.008598 0.014757
0 0.302250 0.357670 0.008598 0.014757
0 0.300687 0.347096 0.008598 0.014757
0 0.305831 0.347096 0.008598 0.014757
0 0.309638 0.358548 0.008598 0.014757
0 0.309188 0.367654 0.008598 0.014757
0 0.309856 0.375283 0.008598 0.014757
0 0.310975 0.384094 0.008598 0.014757
0 0.316794 0.384094 0.008598 0.014757
0 0.316569 0.375578 0.008598 0.014757
0 0.315006 0.366473 0.008598 0.014757
0 0.313663 0.347096 0.008598 0.014757
0 0.313437 0.337990 0.008598 0.014757
0 0.318806 0.337408 0.008598 0.014757
0 0.321044 0.344750 0.008598 0.014757
0 0.322163 0.365299 0.008598 0.014757
0 0.321719 0.374701 0.008598 0.014757
0 0.324400 0.384094 0.008598 0.014757
0 0.331338 0.383511 0.008598 0.014757
0 0.330887 0.374110 0.008598 0.014757
0 0.329544 0.365595 0.008598 0.014757
0 0.328425 0.357375 0.008598 0.014757
0 0.327531 0.345628 0.008598 0.014757
0 0.326187 0.336522 0.008598 0.014757
0 0.332900 0.327424 0.008598 0.014757
0 0.332900 0.336226 0.008598 0.014757
0 0.333575 0.344454 0.008598 0.014757
0 0.335812 0.356202 0.008598 0.014757
0 0.336931 0.366185 0.008598 0.014757
0 0.337825 0.372937 0.008598 0.014757
0 0.337600 0.383216 0.008598 0.014757
0 0.343644 0.357670 0.008598 0.014757
0 0.345206 0.364717 0.008598 0.014757
0 0.344981 0.373527 0.008598 0.014757
0 0.344537 0.383216 0.008598 0.014757
0 0.353038 0.382330 0.008598 0.014757
0 0.352144 0.374701 0.008598 0.014757
0 0.350131 0.366768 0.008598 0.014757
0 0.356838 0.365299 0.008598 0.014757
0 0.360194 0.374405 0.008598 0.014757
0 0.362431 0.382920 0.008598 0.014757
0 0.366013 0.382920 0.008598 0.014757
0 0.367131 0.374110 0.008598 0.014757
0 0.365787 0.365299 0.008598 0.014757
0 0.366681 0.355316 0.008598 0.014757
0 0.364669 0.343864 0.008598 0.014757
0 0.362431 0.334176 0.008598 0.014757
0 0.374294 0.353847 0.008598 0.014757
0 0.374069 0.364126 0.008598 0.014757
0 0.374069 0.372346 0.008598 0.014757
0 0.375187 0.382330 0.008598 0.014757
0 0.385031 0.382330 0.008598 0.014757
0 0.382794 0.372346 0.008598 0.014757
0 0.383462 0.362067 0.008598 0.014757
0 0.387487 0.321550 0.008598 0.014757
0 0.387713 0.330361 0.008598 0.014757
0 0.389950 0.340345 0.008598 0.014757
0 0.390844 0.352379 0.008598 0.014757
0 0.391519 0.362067 0.008598 0.014757
0 0.392187 0.372059 0.008598 0.014757
0 0.393306 0.380861 0.008598 0.014757
0 0.400019 0.382625 0.008598 0.014757
0 0.399350 0.370295 0.008598 0.014757
0 0.399125 0.361189 0.008598 0.014757
0 0.397331 0.352674 0.008598 0.014757
0 0.395319 0.340049 0.008598 0.014757
0 0.394875 0.330066 0.008598 0.014757
0 0.404719 0.337990 0.008598 0.014757
0 0.405388 0.352084 0.008598 0.014757
0 0.408075 0.361485 0.008598 0.014757
0 0.407625 0.370878 0.008598 0.014757
0 0.409412 0.382330 0.008598 0.014757
0 0.417244 0.380861 0.008598 0.014757
0 0.417469 0.372346 0.008598 0.014757
0 0.414113 0.360607 0.008598 0.014757
0 0.414113 0.352970 0.008598 0.014757
0 0.412550 0.339163 0.008598 0.014757
0 0.412769 0.329475 0.008598 0.014757
0 0.419931 0.317441 0.008598 0.014757
0 0.421275 0.326538 0.008598 0.014757
0 0.422394 0.337990 0.008598 0.014757
0 0.423063 0.349442 0.008598 0.014757
0 0.423063 0.360607 0.008598 0.014757
0 0.425075 0.370591 0.008598 0.014757
0 0.424850 0.379984 0.008598 0.014757
0 0.435588 0.380279 0.008598 0.014757
0 0.432237 0.370295 0.008598 0.014757
0 0.431562 0.359426 0.008598 0.014757
0 0.432237 0.349147 0.008598 0.014757
0 0.430444 0.337408 0.008598 0.014757
0 0.430444 0.325956 0.008598 0.014757
0 0.430000 0.317145 0.008598 0.014757
0 0.438944 0.317441 0.008598 0.014757
0 0.440063 0.326538 0.008598 0.014757
0 0.441406 0.337408 0.008598 0.014757
0 0.442081 0.349442 0.008598 0.014757
0 0.441856 0.359721 0.008598 0.014757
0 0.441181 0.369705 0.008598 0.014757
0 0.441856 0.379393 0.008598 0.014757
0 0.451925 0.378811 0.008598 0.014757
0 0.451250 0.369122 0.008598 0.014757
0 0.450356 0.358253 0.008598 0.014757
0 0.450356 0.347974 0.008598 0.014757
0 0.450806 0.333002 0.008598 0.014757
0 0.457738 0.312740 0.008598 0.014757
0 0.459306 0.323897 0.008598 0.014757
0 0.459531 0.335939 0.008598 0.014757
0 0.459975 0.346801 0.008598 0.014757
0 0.459975 0.359426 0.008598 0.014757
0 0.461544 0.369705 0.008598 0.014757
0 0.461769 0.377342 0.008598 0.014757
0 0.470269 0.379393 0.008598 0.014757
0 0.469819 0.369409 0.008598 0.014757
0 0.470269 0.358253 0.008598 0.014757
0 0.470269 0.347096 0.008598 0.014757
0 0.468256 0.334471 0.008598 0.014757
0 0.467806 0.323306 0.008598 0.014757
0 0.478319 0.346505 0.008598 0.014757
0 0.477650 0.357670 0.008598 0.014757
0 0.480112 0.368236 0.008598 0.014757
0 0.482125 0.379106 0.008598 0.014757
0 0.492638 0.379393 0.008598 0.014757
0 0.490181 0.368827 0.008598 0.014757
0 0.490400 0.355906 0.008598 0.014757
0 0.490400 0.346801 0.008598 0.014757
0 0.487494 0.332707 0.008598 0.014757
0 0.487044 0.323601 0.008598 0.014757
0 0.485925 0.312740 0.008598 0.014757
0 0.493981 0.310976 0.008598 0.014757
0 0.496669 0.320082 0.008598 0.014757
0 0.496669 0.333002 0.008598 0.014757
0 0.497563 0.347391 0.008598 0.014757
0 0.500244 0.356489 0.008598 0.014757
0 0.500919 0.365004 0.008598 0.014757
0 0.502262 0.377047 0.008598 0.014757
0 0.511431 0.378515 0.008598 0.014757
0 0.510537 0.367063 0.008598 0.014757
0 0.508750 0.354438 0.008598 0.014757
0 0.507850 0.344750 0.008598 0.014757
0 0.508750 0.332116 0.008598 0.014757
0 0.506956 0.320082 0.008598 0.014757
0 0.517919 0.320082 0.008598 0.014757
0 0.516575 0.330648 0.008598 0.014757
0 0.519712 0.344159 0.008598 0.014757
0 0.517919 0.355906 0.008598 0.014757
0 0.521275 0.365299 0.008598 0.014757
0 0.522844 0.376751 0.008598 0.014757
0 0.531344 0.377047 0.008598 0.014757
0 0.530225 0.364422 0.008598 0.014757
0 0.530000 0.354143 0.008598 0.014757
0 0.528213 0.344454 0.008598 0.014757
0 0.539844 0.327424 0.008598 0.014757
0 0.540519 0.343568 0.008598 0.014757
0 0.539619 0.355021 0.008598 0.014757
0 0.540069 0.365004 0.008598 0.014757
0 0.543425 0.374996 0.008598 0.014757
0 0.537162 0.437244 0.008598 0.014757
0 0.536262 0.447818 0.008598 0.014757
0 0.536713 0.456628 0.008598 0.014757
0 0.536938 0.467490 0.008598 0.014757
0 0.528656 0.468368 0.008598 0.014757
0 0.526644 0.457506 0.008598 0.014757
0 0.526869 0.446932 0.008598 0.014757
0 0.524856 0.437244 0.008598 0.014757
0 0.523963 0.422559 0.008598 0.014757
0 0.522619 0.411993 0.008598 0.014757
0 0.522394 0.402010 0.008598 0.014757
0 0.524188 0.391731 0.008598 0.014757
0 0.512550 0.392904 0.008598 0.014757
0 0.513225 0.403183 0.008598 0.014757
0 0.512106 0.411403 0.008598 0.014757
0 0.512550 0.421386 0.008598 0.014757
0 0.516356 0.436661 0.008598 0.014757
0 0.516356 0.445759 0.008598 0.014757
0 0.514344 0.456916 0.008598 0.014757
0 0.519263 0.467785 0.008598 0.014757
0 0.507181 0.466021 0.008598 0.014757
0 0.505394 0.456628 0.008598 0.014757
0 0.504719 0.446349 0.008598 0.014757
0 0.503156 0.436366 0.008598 0.014757
0 0.502481 0.421682 0.008598 0.014757
0 0.503825 0.412289 0.008598 0.014757
0 0.492638 0.412871 0.008598 0.014757
0 0.495100 0.420804 0.008598 0.014757
0 0.496444 0.456038 0.008598 0.014757
0 0.496887 0.466899 0.008598 0.014757
0 0.487494 0.465144 0.008598 0.014757
0 0.484363 0.456038 0.008598 0.014757
0 0.484588 0.445759 0.008598 0.014757
0 0.485256 0.435480 0.008598 0.014757
0 0.484363 0.423150 0.008598 0.014757
0 0.482125 0.411993 0.008598 0.014757
0 0.481231 0.402888 0.008598 0.014757
0 0.482794 0.393782 0.008598 0.014757
0 0.473625 0.411698 0.008598 0.014757
0 0.475187 0.422559 0.008598 0.014757
0 0.474744 0.434307 0.008598 0.014757
0 0.477200 0.444881 0.008598 0.014757
0 0.477650 0.455160 0.008598 0.014757
0 0.477875 0.463970 0.008598 0.014757
0 0.466237 0.463675 0.008598 0.014757
0 0.466019 0.453979 0.008598 0.014757
0 0.465794 0.444881 0.008598 0.014757
0 0.465569 0.434602 0.008598 0.014757
0 0.464900 0.421091 0.008598 0.014757
0 0.464450 0.413462 0.008598 0.014757
0 0.455056 0.392904 0.008598 0.014757
0 0.455275 0.402592 0.008598 0.014757
0 0.455950 0.411698 0.008598 0.014757
0 0.457069 0.421386 0.008598 0.014757
0 0.457512 0.435775 0.008598 0.014757
0 0.457294 0.443995 0.008598 0.014757
0 0.456844 0.454274 0.008598 0.014757
0 0.460200 0.464258 0.008598 0.014757
0 0.449906 0.463970 0.008598 0.014757
0 0.448569 0.454274 0.008598 0.014757
0 0.449012 0.443708 0.008598 0.014757
0 0.448788 0.434897 0.008598 0.014757
0 0.447000 0.423150 0.008598 0.014757
0 0.443419 0.412289 0.008598 0.014757
0 0.435812 0.412576 0.008598 0.014757
0 0.437606 0.423150 0.008598 0.014757
0 0.439619 0.434602 0.008598 0.014757
0 0.439169 0.442822 0.008598 0.014757
0 0.440513 0.453979 0.008598 0.014757
0 0.441406 0.462789 0.008598 0.014757
0 0.431338 0.461911 0.008598 0.014757
0 0.430444 0.451928 0.008598 0.014757
0 0.429550 0.443995 0.008598 0.014757
0 0.430669 0.434602 0.008598 0.014757
0 0.420600 0.411403 0.008598 0.014757
0 0.419706 0.421386 0.008598 0.014757
0 0.420375 0.434897 0.008598 0.014757
0 0.421275 0.444290 0.008598 0.014757
0 0.422837 0.451928 0.008598 0.014757
0 0.423287 0.462207 0.008598 0.014757
0 0.414562 0.462789 0.008598 0.014757
0 0.414338 0.452518 0.008598 0.014757
0 0.412994 0.443995 0.008598 0.014757
0 0.413669 0.434897 0.008598 0.014757
0 0.404269 0.434307 0.008598 0.014757
0 0.407400 0.443413 0.008598 0.014757
0 0.406506 0.453101 0.008598 0.014757
0 0.407175 0.463084 0.008598 0.014757
0 0.399569 0.460738 0.008598 0.014757
0 0.398450 0.451928 0.008598 0.014757
0 0.396663 0.442822 0.008598 0.014757
0 0.397556 0.434307 0.008598 0.014757
0 0.396437 0.421386 0.008598 0.014757
0 0.395100 0.412576 0.008598 0.014757
0 0.395769 0.403183 0.008598 0.014757
0 0.389056 0.434307 0.008598 0.014757
0 0.390625 0.442822 0.008598 0.014757
0 0.390844 0.450755 0.008598 0.014757
0 0.392412 0.461616 0.008598 0.014757
0 0.380556 0.461034 0.008598 0.014757
0 0.379881 0.450755 0.008598 0.014757
0 0.380781 0.443708 0.008598 0.014757
0 0.379881 0.434011 0.008598 0.014757
0 0.372500 0.433429 0.008598 0.014757
0 0.369594 0.422272 0.008598 0.014757
0 0.372500 0.441649 0.008598 0.014757
0 0.374294 0.450459 0.008598 0.014757
0 0.374294 0.460443 0.008598 0.014757
0 0.032131 0.424856 0.008598 0.014757
0 0.032356 0.429844 0.008598 0.014757
0 0.033475 0.435422 0.008598 0.014757
0 0.033919 0.441296 0.008598 0.014757
0 0.036606 0.436013 0.008598 0.014757
0 0.036381 0.431313 0.008598 0.014757
0 0.037725 0.423970 0.008598 0.014757
0 0.039069 0.430435 0.008598 0.014757
0 0.040188 0.436308 0.008598 0.014757
0 0.040406 0.441001 0.008598 0.014757
0 0.037725 0.442182 0.008598 0.014757
0 0.043987 0.443060 0.008598 0.014757
0 0.042869 0.436013 0.008598 0.014757
0 0.041975 0.430435 0.008598 0.014757
0 0.041300 0.425734 0.008598 0.014757
0 0.046894 0.441296 0.008598 0.014757
0 0.051819 0.441887 0.008598 0.014757
0 0.050700 0.436308 0.008598 0.014757
0 0.050700 0.431608 0.008598 0.014757
0 0.050700 0.424561 0.008598 0.014757
0 0.050475 0.416924 0.008598 0.014757
0 0.049806 0.413109 0.008598 0.014757
0 0.049356 0.405767 0.008598 0.014757
0 0.055175 0.425144 0.008598 0.014757
0 0.056519 0.431608 0.008598 0.014757
0 0.056738 0.437186 0.008598 0.014757
0 0.058306 0.443642 0.008598 0.014757
0 0.063225 0.417801 0.008598 0.014757
0 0.059875 0.413404 0.008598 0.014757
0 0.060988 0.424561 0.008598 0.014757
0 0.062781 0.431313 0.008598 0.014757
0 0.063006 0.436308 0.008598 0.014757
0 0.063450 0.443355 0.008598 0.014757
0 0.067256 0.443938 0.008598 0.014757
0 0.066806 0.437482 0.008598 0.014757
0 0.066806 0.431313 0.008598 0.014757
0 0.064569 0.424561 0.008598 0.014757
0 0.069044 0.424856 0.008598 0.014757
0 0.069269 0.431903 0.008598 0.014757
0 0.069937 0.437482 0.008598 0.014757
0 0.070613 0.443355 0.008598 0.014757
0 0.069937 0.411641 0.008598 0.014757
0 0.071056 0.418097 0.008598 0.014757
0 0.072175 0.424856 0.008598 0.014757
0 0.072850 0.431313 0.008598 0.014757
0 0.072850 0.438655 0.008598 0.014757
0 0.073969 0.444824 0.008598 0.014757
0 0.075756 0.431608 0.008598 0.014757
0 0.075756 0.425144 0.008598 0.014757
0 0.076425 0.436891 0.008598 0.014757
0 0.078219 0.443642 0.008598 0.014757
0 0.082019 0.444233 0.008598 0.014757
0 0.080006 0.437777 0.008598 0.014757
0 0.079781 0.433372 0.008598 0.014757
0 0.079113 0.425144 0.008598 0.014757
0 0.080006 0.406645 0.008598 0.014757
0 0.081575 0.412814 0.008598 0.014757
0 0.082019 0.417514 0.008598 0.014757
0 0.084031 0.425439 0.008598 0.014757
0 0.084256 0.432781 0.008598 0.014757
0 0.083812 0.440714 0.008598 0.014757
0 0.085825 0.443938 0.008598 0.014757
0 0.088287 0.443938 0.008598 0.014757
0 0.088506 0.437777 0.008598 0.014757
0 0.086944 0.431017 0.008598 0.014757
0 0.087387 0.426030 0.008598 0.014757
0 0.091194 0.430722 0.008598 0.014757
0 0.092537 0.437186 0.008598 0.014757
0 0.094100 0.444528 0.008598 0.014757
0 0.090300 0.427203 0.008598 0.014757
0 0.089625 0.417801 0.008598 0.014757
0 0.095219 0.411936 0.008598 0.014757
0 0.095219 0.418687 0.008598 0.014757
0 0.096562 0.426030 0.008598 0.014757
0 0.095894 0.433076 0.008598 0.014757
0 0.097231 0.438950 0.008598 0.014757
0 0.098575 0.444824 0.008598 0.014757
0 0.102381 0.445111 0.008598 0.014757
0 0.101263 0.438064 0.008598 0.014757
0 0.101038 0.432486 0.008598 0.014757
0 0.099919 0.427203 0.008598 0.014757
0 0.099025 0.419565 0.008598 0.014757
0 0.099469 0.399598 0.008598 0.014757
0 0.097681 0.412223 0.008598 0.014757
0 0.100369 0.407235 0.008598 0.014757
0 0.101706 0.412223 0.008598 0.014757
0 0.102156 0.418687 0.008598 0.014757
0 0.102600 0.427203 0.008598 0.014757
0 0.103500 0.433659 0.008598 0.014757
0 0.105512 0.439828 0.008598 0.014757
0 0.105956 0.444528 0.008598 0.014757
0 0.109312 0.446579 0.008598 0.014757
0 0.109094 0.440418 0.008598 0.014757
0 0.107975 0.433372 0.008598 0.014757
0 0.107525 0.427203 0.008598 0.014757
0 0.106631 0.418983 0.008598 0.014757
0 0.105512 0.413109 0.008598 0.014757
0 0.104619 0.405767 0.008598 0.014757
0 0.112000 0.411050 0.008598 0.014757
0 0.110213 0.419565 0.008598 0.014757
0 0.110881 0.426612 0.008598 0.014757
0 0.111325 0.433372 0.008598 0.014757
0 0.112894 0.438655 0.008598 0.014757
0 0.112669 0.446874 0.008598 0.014757
0 0.117144 0.446292 0.008598 0.014757
0 0.116475 0.440418 0.008598 0.014757
0 0.114906 0.432781 0.008598 0.014757
0 0.115131 0.426907 0.008598 0.014757
0 0.113562 0.419565 0.008598 0.014757
0 0.118263 0.418983 0.008598 0.014757
0 0.119381 0.427498 0.008598 0.014757
0 0.119156 0.433372 0.008598 0.014757
0 0.120500 0.440714 0.008598 0.014757
0 0.121394 0.447465 0.008598 0.014757
0 0.126319 0.447170 0.008598 0.014757
0 0.124306 0.440714 0.008598 0.014757
0 0.124525 0.433954 0.008598 0.014757
0 0.123856 0.426907 0.008598 0.014757
0 0.122287 0.419270 0.008598 0.014757
0 0.121619 0.411936 0.008598 0.014757
0 0.124525 0.406062 0.008598 0.014757
0 0.125200 0.412814 0.008598 0.014757
0 0.125425 0.417514 0.008598 0.014757
0 0.127881 0.433954 0.008598 0.014757
0 0.128556 0.441001 0.008598 0.014757
0 0.128556 0.445997 0.008598 0.014757
0 0.134150 0.447760 0.008598 0.014757
0 0.133031 0.439532 0.008598 0.014757
0 0.132131 0.433076 0.008598 0.014757
0 0.131463 0.427793 0.008598 0.014757
0 0.130119 0.418983 0.008598 0.014757
0 0.128781 0.412223 0.008598 0.014757
0 0.128331 0.406062 0.008598 0.014757
0 0.132131 0.400189 0.008598 0.014757
0 0.132356 0.405472 0.008598 0.014757
0 0.133250 0.411641 0.008598 0.014757
0 0.133475 0.419270 0.008598 0.014757
0 0.134819 0.428376 0.008598 0.014757
0 0.135044 0.433954 0.008598 0.014757
0 0.136387 0.441001 0.008598 0.014757
0 0.136606 0.446874 0.008598 0.014757
0 0.140856 0.448048 0.008598 0.014757
0 0.140638 0.440714 0.008598 0.014757
0 0.139294 0.432486 0.008598 0.014757
0 0.142875 0.419861 0.008598 0.014757
0 0.142650 0.429262 0.008598 0.014757
0 0.143544 0.433372 0.008598 0.014757
0 0.144437 0.440418 0.008598 0.014757
0 0.144663 0.448048 0.008598 0.014757
0 0.149138 0.448934 0.008598 0.014757
0 0.149138 0.442182 0.008598 0.014757
0 0.148688 0.433954 0.008598 0.014757
0 0.148469 0.428966 0.008598 0.014757
0 0.151600 0.428966 0.008598 0.014757
0 0.152269 0.433954 0.008598 0.014757
0 0.153612 0.441887 0.008598 0.014757
0 0.153612 0.449516 0.008598 0.014757
0 0.159650 0.450107 0.008598 0.014757
0 0.158981 0.441591 0.008598 0.014757
0 0.157637 0.434840 0.008598 0.014757
0 0.157194 0.426907 0.008598 0.014757
0 0.155400 0.418392 0.008598 0.014757
0 0.155400 0.412223 0.008598 0.014757
0 0.155175 0.406062 0.008598 0.014757
0 0.160994 0.426907 0.008598 0.014757
0 0.160994 0.434249 0.008598 0.014757
0 0.161663 0.442469 0.008598 0.014757
0 0.163006 0.449811 0.008598 0.014757
0 0.167256 0.449811 0.008598 0.014757
0 0.167256 0.441887 0.008598 0.014757
0 0.166813 0.434840 0.008598 0.014757
0 0.164575 0.428671 0.008598 0.014757
0 0.167706 0.420156 0.008598 0.014757
0 0.168825 0.429844 0.008598 0.014757
0 0.170169 0.435718 0.008598 0.014757
0 0.170837 0.442765 0.008598 0.014757
0 0.171506 0.450697 0.008598 0.014757
0 0.175981 0.450107 0.008598 0.014757
0 0.175981 0.443642 0.008598 0.014757
0 0.175088 0.434840 0.008598 0.014757
0 0.174419 0.429549 0.008598 0.014757
0 0.172850 0.421624 0.008598 0.014757
0 0.172181 0.413109 0.008598 0.014757
0 0.181575 0.413404 0.008598 0.014757
0 0.182919 0.419861 0.008598 0.014757
0 0.182250 0.430139 0.008598 0.014757
0 0.183813 0.436596 0.008598 0.014757
0 0.184487 0.442765 0.008598 0.014757
0 0.184931 0.449229 0.008598 0.014757
0 0.180456 0.450107 0.008598 0.014757
0 0.180012 0.443938 0.008598 0.014757
0 0.179788 0.436308 0.008598 0.014757
0 0.178894 0.429844 0.008598 0.014757
0 0.185606 0.413404 0.008598 0.014757
0 0.187394 0.421034 0.008598 0.014757
0 0.188963 0.429844 0.008598 0.014757
0 0.188738 0.438359 0.008598 0.014757
0 0.190081 0.444233 0.008598 0.014757
0 0.191194 0.450984 0.008598 0.014757
0 0.195894 0.452166 0.008598 0.014757
0 0.195000 0.443355 0.008598 0.014757
0 0.193431 0.436596 0.008598 0.014757
0 0.193431 0.430139 0.008598 0.014757
0 0.192312 0.418983 0.008598 0.014757
0 0.194106 0.413404 0.008598 0.014757
0 0.195669 0.422207 0.008598 0.014757
0 0.197906 0.428966 0.008598 0.014757
0 0.198581 0.437186 0.008598 0.014757
0 0.198131 0.445111 0.008598 0.014757
0 0.200369 0.450697 0.008598 0.014757
0 0.206187 0.451575 0.008598 0.014757
0 0.204394 0.445406 0.008598 0.014757
0 0.203725 0.436891 0.008598 0.014757
0 0.201488 0.420451 0.008598 0.014757
0 0.202156 0.413109 0.008598 0.014757
0 0.206631 0.421329 0.008598 0.014757
0 0.207750 0.430139 0.008598 0.014757
0 0.209094 0.436308 0.008598 0.014757
0 0.210212 0.444233 0.008598 0.014757
0 0.211106 0.449811 0.008598 0.014757
0 0.214913 0.449811 0.008598 0.014757
0 0.215356 0.445406 0.008598 0.014757
0 0.213569 0.436891 0.008598 0.014757
0 0.216925 0.413692 0.008598 0.014757
0 0.218269 0.421624 0.008598 0.014757
0 0.218938 0.427793 0.008598 0.014757
0 0.219163 0.436891 0.008598 0.014757
0 0.220281 0.444528 0.008598 0.014757
0 0.220281 0.452748 0.008598 0.014757
0 0.224756 0.451870 0.008598 0.014757
0 0.224306 0.443938 0.008598 0.014757
0 0.225200 0.436596 0.008598 0.014757
0 0.223638 0.428671 0.008598 0.014757
0 0.222963 0.422502 0.008598 0.014757
0 0.220725 0.411345 0.008598 0.014757
0 0.228113 0.428966 0.008598 0.014757
0 0.229675 0.437777 0.008598 0.014757
0 0.230569 0.444528 0.008598 0.014757
0 0.230569 0.451280 0.008598 0.014757
0 0.237063 0.451870 0.008598 0.014757
0 0.237281 0.444824 0.008598 0.014757
0 0.235719 0.436891 0.008598 0.014757
0 0.234150 0.428671 0.008598 0.014757
0 0.233481 0.419565 0.008598 0.014757
0 0.232806 0.413987 0.008598 0.014757
0 0.238625 0.412518 0.008598 0.014757
0 0.238850 0.420156 0.008598 0.014757
0 0.240413 0.430139 0.008598 0.014757
0 0.241088 0.437482 0.008598 0.014757
0 0.241088 0.444233 0.008598 0.014757
0 0.241313 0.450984 0.008598 0.014757
0 0.041525 0.455390 0.008598 0.014757
0 0.042419 0.460968 0.008598 0.014757
0 0.042419 0.465086 0.008598 0.014757
0 0.043319 0.474479 0.008598 0.014757
0 0.043987 0.480057 0.008598 0.014757
0 0.044881 0.486226 0.008598 0.014757
0 0.045106 0.492100 0.008598 0.014757
0 0.044812 0.499352 0.008598 0.014757
0 0.045194 0.504963 0.008598 0.014757
0 0.046113 0.509861 0.008598 0.014757
0 0.047231 0.515004 0.008598 0.014757
0 0.047794 0.521846 0.008598 0.014757
0 0.055444 0.525045 0.008598 0.014757
0 0.056000 0.516973 0.008598 0.014757
0 0.055825 0.512067 0.008598 0.014757
0 0.053381 0.505226 0.008598 0.014757
0 0.051525 0.492248 0.008598 0.014757
0 0.050031 0.486874 0.008598 0.014757
0 0.050031 0.481969 0.008598 0.014757
0 0.050969 0.457974 0.008598 0.014757
0 0.050969 0.462379 0.008598 0.014757
0 0.051906 0.468515 0.008598 0.014757
0 0.053381 0.475357 0.008598 0.014757
0 0.053762 0.481231 0.008598 0.014757
0 0.053206 0.488072 0.008598 0.014757
0 0.054144 0.493716 0.008598 0.014757
0 0.061212 0.493478 0.008598 0.014757
0 0.060656 0.487842 0.008598 0.014757
0 0.059356 0.482937 0.008598 0.014757
0 0.058619 0.475857 0.008598 0.014757
0 0.058419 0.468515 0.008598 0.014757
0 0.057300 0.462642 0.008598 0.014757
0 0.056944 0.455775 0.008598 0.014757
0 0.061594 0.462642 0.008598 0.014757
0 0.062331 0.469483 0.008598 0.014757
0 0.063094 0.476596 0.008598 0.014757
0 0.064950 0.482699 0.008598 0.014757
0 0.064950 0.488573 0.008598 0.014757
0 0.066631 0.494446 0.008598 0.014757
0 0.061775 0.501550 0.008598 0.014757
0 0.062156 0.507424 0.008598 0.014757
0 0.062156 0.512297 0.008598 0.014757
0 0.062531 0.518171 0.008598 0.014757
0 0.063450 0.525283 0.008598 0.014757
0 0.070163 0.506924 0.008598 0.014757
0 0.070544 0.513298 0.008598 0.014757
0 0.071481 0.520377 0.008598 0.014757
0 0.071481 0.528450 0.008598 0.014757
0 0.077256 0.546333 0.008598 0.014757
0 0.076519 0.538991 0.008598 0.014757
0 0.075200 0.533117 0.008598 0.014757
0 0.074838 0.526251 0.008598 0.014757
0 0.073900 0.519639 0.008598 0.014757
0 0.074081 0.513298 0.008598 0.014757
0 0.077637 0.511567 0.008598 0.014757
0 0.077994 0.520878 0.008598 0.014757
0 0.078550 0.527982 0.008598 0.014757
0 0.079113 0.532855 0.008598 0.014757
0 0.079875 0.539467 0.008598 0.014757
0 0.080612 0.546071 0.008598 0.014757
0 0.083588 0.546333 0.008598 0.014757
0 0.083025 0.540197 0.008598 0.014757
0 0.081906 0.535324 0.008598 0.014757
0 0.081350 0.522108 0.008598 0.014757
0 0.081350 0.516235 0.008598 0.014757
0 0.082287 0.530180 0.008598 0.014757
0 0.087500 0.547071 0.008598 0.014757
0 0.086581 0.541665 0.008598 0.014757
0 0.087144 0.536792 0.008598 0.014757
0 0.085087 0.529450 0.008598 0.014757
0 0.091056 0.548540 0.008598 0.014757
0 0.090119 0.542166 0.008598 0.014757
0 0.094594 0.547539 0.008598 0.014757
0 0.094031 0.543634 0.008598 0.014757
0 0.092356 0.537022 0.008598 0.014757
0 0.092356 0.530656 0.008598 0.014757
0 0.090500 0.523815 0.008598 0.014757
0 0.090500 0.519171 0.008598 0.014757
0 0.090500 0.511567 0.008598 0.014757
0 0.095331 0.518171 0.008598 0.014757
0 0.095531 0.523577 0.008598 0.014757
0 0.096094 0.532387 0.008598 0.014757
0 0.097013 0.538491 0.008598 0.014757
0 0.098131 0.543396 0.008598 0.014757
0 0.097950 0.548540 0.008598 0.014757
0 0.100569 0.548269 0.008598 0.014757
0 0.101125 0.544135 0.008598 0.014757
0 0.099625 0.538728 0.008598 0.014757
0 0.099069 0.532625 0.008598 0.014757
0 0.098331 0.525283 0.008598 0.014757
0 0.097950 0.520139 0.008598 0.014757
0 0.097769 0.513765 0.008598 0.014757
0 0.103362 0.525513 0.008598 0.014757
0 0.103362 0.533355 0.008598 0.014757
0 0.104663 0.539229 0.008598 0.014757
0 0.070925 0.495185 0.008598 0.014757
0 0.070163 0.490279 0.008598 0.014757
0 0.069244 0.482937 0.008598 0.014757
0 0.067925 0.477063 0.008598 0.014757
0 0.067750 0.469483 0.008598 0.014757
0 0.067925 0.464110 0.008598 0.014757
0 0.065888 0.457974 0.008598 0.014757
0 0.064394 0.451632 0.008598 0.014757
0 0.071100 0.463380 0.008598 0.014757
0 0.072044 0.469984 0.008598 0.014757
0 0.072219 0.477326 0.008598 0.014757
0 0.072962 0.484906 0.008598 0.014757
0 0.072600 0.490779 0.008598 0.014757
0 0.074838 0.496883 0.008598 0.014757
0 0.073719 0.457744 0.008598 0.014757
0 0.075400 0.465578 0.008598 0.014757
0 0.075400 0.471690 0.008598 0.014757
0 0.075575 0.478294 0.008598 0.014757
0 0.076519 0.484668 0.008598 0.014757
0 0.077256 0.490541 0.008598 0.014757
0 0.080612 0.498351 0.008598 0.014757
0 0.080050 0.492010 0.008598 0.014757
0 0.079113 0.484906 0.008598 0.014757
0 0.077813 0.478294 0.008598 0.014757
0 0.078194 0.471690 0.008598 0.014757
0 0.084144 0.497383 0.008598 0.014757
0 0.083588 0.490779 0.008598 0.014757
0 0.083231 0.484906 0.008598 0.014757
0 0.084525 0.471928 0.008598 0.014757
0 0.084906 0.465316 0.008598 0.014757
0 0.085825 0.478294 0.008598 0.014757
0 0.086944 0.486604 0.008598 0.014757
0 0.086762 0.491509 0.008598 0.014757
0 0.086944 0.498121 0.008598 0.014757
0 0.090119 0.498614 0.008598 0.014757
0 0.091237 0.492248 0.008598 0.014757
0 0.090500 0.484906 0.008598 0.014757
0 0.090300 0.481001 0.008598 0.014757
0 0.089381 0.470722 0.008598 0.014757
0 0.088819 0.466317 0.008598 0.014757
0 0.095531 0.500558 0.008598 0.014757
0 0.103362 0.501288 0.008598 0.014757
0 0.102044 0.495185 0.008598 0.014757
0 0.101306 0.488343 0.008598 0.014757
0 0.097769 0.481969 0.008598 0.014757
0 0.097569 0.488573 0.008598 0.014757
0 0.097213 0.494208 0.008598 0.014757
0 0.102806 0.468515 0.008598 0.014757
0 0.102806 0.474126 0.008598 0.014757
0 0.107075 0.469483 0.008598 0.014757
0 0.108019 0.476095 0.008598 0.014757
0 0.107637 0.463618 0.008598 0.014757
0 0.112869 0.464110 0.008598 0.014757
0 0.112113 0.469721 0.008598 0.014757
0 0.112312 0.475357 0.008598 0.014757
0 0.108400 0.483667 0.008598 0.014757
0 0.103925 0.484167 0.008598 0.014757
0 0.105781 0.488811 0.008598 0.014757
0 0.106338 0.494947 0.008598 0.014757
0 0.106338 0.501288 0.008598 0.014757
0 0.110431 0.502026 0.008598 0.014757
0 0.110256 0.495414 0.008598 0.014757
0 0.109137 0.487842 0.008598 0.014757
0 0.111550 0.482937 0.008598 0.014757
0 0.113231 0.489811 0.008598 0.014757
0 0.113787 0.496883 0.008598 0.014757
0 0.114550 0.502518 0.008598 0.014757
0 0.122737 0.505226 0.008598 0.014757
0 0.121062 0.498351 0.008598 0.014757
0 0.119381 0.490541 0.008598 0.014757
0 0.118263 0.486136 0.008598 0.014757
0 0.118825 0.475127 0.008598 0.014757
0 0.121819 0.470221 0.008598 0.014757
0 0.122737 0.476825 0.008598 0.014757
0 0.125913 0.476596 0.008598 0.014757
0 0.122181 0.487342 0.008598 0.014757
0 0.124056 0.492477 0.008598 0.014757
0 0.125738 0.499590 0.008598 0.014757
0 0.125738 0.504963 0.008598 0.014757
0 0.130769 0.504487 0.008598 0.014757
0 0.130213 0.499352 0.008598 0.014757
0 0.129269 0.492978 0.008598 0.014757
0 0.128150 0.484906 0.008598 0.014757
0 0.135806 0.487104 0.008598 0.014757
0 0.135600 0.494947 0.008598 0.014757
0 0.136919 0.499590 0.008598 0.014757
0 0.137481 0.505226 0.008598 0.014757
0 0.142694 0.507424 0.008598 0.014757
0 0.141575 0.501550 0.008598 0.014757
0 0.140275 0.493716 0.008598 0.014757
0 0.139719 0.489073 0.008598 0.014757
0 0.138600 0.476333 0.008598 0.014757
0 0.144550 0.486604 0.008598 0.014757
0 0.144750 0.494208 0.008598 0.014757
0 0.145669 0.501058 0.008598 0.014757
0 0.146788 0.508162 0.008598 0.014757
0 0.151819 0.507900 0.008598 0.014757
0 0.150700 0.501788 0.008598 0.014757
0 0.149788 0.494208 0.008598 0.014757
0 0.148106 0.488072 0.008598 0.014757
0 0.147169 0.479032 0.008598 0.014757
0 0.146606 0.472920 0.008598 0.014757
0 0.145487 0.467047 0.008598 0.014757
0 0.151262 0.471452 0.008598 0.014757
0 0.152581 0.478532 0.008598 0.014757
0 0.152381 0.489811 0.008598 0.014757
0 0.153881 0.496415 0.008598 0.014757
0 0.153881 0.502756 0.008598 0.014757
0 0.155381 0.510098 0.008598 0.014757
0 0.160413 0.511329 0.008598 0.014757
0 0.159475 0.503257 0.008598 0.014757
0 0.158356 0.495414 0.008598 0.014757
0 0.157975 0.489311 0.008598 0.014757
0 0.157238 0.478294 0.008598 0.014757
0 0.161713 0.488573 0.008598 0.014757
0 0.162450 0.496153 0.008598 0.014757
0 0.163950 0.503019 0.008598 0.014757
0 0.163950 0.509861 0.008598 0.014757
0 0.160594 0.480500 0.008598 0.014757
0 0.158738 0.473888 0.008598 0.014757
0 0.158738 0.464848 0.008598 0.014757
0 0.168981 0.480730 0.008598 0.014757
0 0.165244 0.491009 0.008598 0.014757
0 0.166362 0.498121 0.008598 0.014757
0 0.089938 0.443888 0.008598 0.014757
0 0.167681 0.511099 0.008598 0.014757
0 0.174013 0.512568 0.008598 0.014757
0 0.172519 0.504963 0.008598 0.014757
0 0.172519 0.498852 0.008598 0.014757
0 0.174956 0.490779 0.008598 0.014757
0 0.175313 0.499352 0.008598 0.014757
0 0.177750 0.505956 0.008598 0.014757
0 0.177550 0.511567 0.008598 0.014757
0 0.182025 0.512067 0.008598 0.014757
0 0.181669 0.505956 0.008598 0.014757
0 0.180906 0.498351 0.008598 0.014757
0 0.181106 0.490779 0.008598 0.014757
0 0.179606 0.481731 0.008598 0.014757
0 0.177750 0.476825 0.008598 0.014757
0 0.177750 0.469721 0.008598 0.014757
0 0.176075 0.461911 0.008598 0.014757
0 0.184263 0.482699 0.008598 0.014757
0 0.186137 0.492248 0.008598 0.014757
0 0.185581 0.499352 0.008598 0.014757
0 0.186137 0.504487 0.008598 0.014757
0 0.188738 0.513765 0.008598 0.014757
0 0.193769 0.513765 0.008598 0.014757
0 0.192650 0.506924 0.008598 0.014757
0 0.190613 0.497884 0.008598 0.014757
0 0.190613 0.491747 0.008598 0.014757
0 0.188556 0.482199 0.008598 0.014757
0 0.190975 0.463618 0.008598 0.014757
0 0.191731 0.470221 0.008598 0.014757
0 0.193031 0.477564 0.008598 0.014757
0 0.194150 0.485874 0.008598 0.014757
0 0.194150 0.492978 0.008598 0.014757
0 0.196006 0.499820 0.008598 0.014757
0 0.196769 0.507662 0.008598 0.014757
0 0.197325 0.514036 0.008598 0.014757
0 0.201419 0.514504 0.008598 0.014757
0 0.201600 0.506924 0.008598 0.014757
0 0.201038 0.500082 0.008598 0.014757
0 0.199563 0.494446 0.008598 0.014757
0 0.198063 0.484906 0.008598 0.014757
0 0.197125 0.476825 0.008598 0.014757
0 0.196769 0.471189 0.008598 0.014757
0 0.196206 0.463618 0.008598 0.014757
0 0.106856 0.526751 0.008598 0.014757
0 0.107794 0.535792 0.008598 0.014757
0 0.107413 0.541198 0.008598 0.014757
0 0.108912 0.547071 0.008598 0.014757
0 0.104819 0.546333 0.008598 0.014757
0 0.111325 0.534094 0.008598 0.014757
0 0.112269 0.541198 0.008598 0.014757
0 0.113006 0.548269 0.008598 0.014757
0 0.114888 0.535554 0.008598 0.014757
0 0.116181 0.542896 0.008598 0.014757
0 0.116744 0.548269 0.008598 0.014757
0 0.109625 0.552535 0.008598 0.014757
0 0.104931 0.551944 0.008598 0.014757
0 0.117681 0.555463 0.008598 0.014757
0 0.120588 0.555463 0.008598 0.014757
0 0.121263 0.549303 0.008598 0.014757
0 0.119919 0.542256 0.008598 0.014757
0 0.120369 0.538138 0.008598 0.014757
0 0.119694 0.517884 0.008598 0.014757
0 0.113431 0.522289 0.008598 0.014757
0 0.115000 0.529336 0.008598 0.014757
0 0.120813 0.525217 0.008598 0.014757
0 0.121263 0.530804 0.008598 0.014757
0 0.125512 0.524635 0.008598 0.014757
0 0.125062 0.531682 0.008598 0.014757
0 0.125512 0.537851 0.008598 0.014757
0 0.127750 0.545193 0.008598 0.014757
0 0.128194 0.550180 0.008598 0.014757
0 0.129094 0.557227 0.008598 0.014757
0 0.128869 0.563692 0.008598 0.014757
0 0.130431 0.568975 0.008598 0.014757
0 0.123050 0.568097 0.008598 0.014757
0 0.119025 0.568384 0.008598 0.014757
0 0.129537 0.525217 0.008598 0.014757
0 0.128644 0.518466 0.008598 0.014757
0 0.130431 0.531977 0.008598 0.014757
0 0.130881 0.538138 0.008598 0.014757
0 0.131331 0.544897 0.008598 0.014757
0 0.131775 0.551058 0.008598 0.014757
0 0.132000 0.558696 0.008598 0.014757
0 0.133788 0.564274 0.008598 0.014757
0 0.134688 0.569270 0.008598 0.014757
0 0.134462 0.540197 0.008598 0.014757
0 0.134906 0.546071 0.008598 0.014757
0 0.135356 0.551649 0.008598 0.014757
0 0.136250 0.558400 0.008598 0.014757
0 0.136919 0.566628 0.008598 0.014757
0 0.139606 0.567801 0.008598 0.014757
0 0.139606 0.558400 0.008598 0.014757
0 0.139156 0.551649 0.008598 0.014757
0 0.138713 0.547244 0.008598 0.014757
0 0.138488 0.541075 0.008598 0.014757
0 0.137144 0.532559 0.008598 0.014757
0 0.136475 0.526686 0.008598 0.014757
0 0.140500 0.533445 0.008598 0.014757
0 0.141619 0.540788 0.008598 0.014757
0 0.142738 0.547539 0.008598 0.014757
0 0.143412 0.554586 0.008598 0.014757
0 0.142962 0.559869 0.008598 0.014757
0 0.148331 0.561337 0.008598 0.014757
0 0.147212 0.553708 0.008598 0.014757
0 0.146762 0.548130 0.008598 0.014757
0 0.146319 0.541075 0.008598 0.014757
0 0.144975 0.535209 0.008598 0.014757
0 0.148331 0.529040 0.008598 0.014757
0 0.149675 0.536382 0.008598 0.014757
0 0.149675 0.541370 0.008598 0.014757
0 0.150119 0.548130 0.008598 0.014757
0 0.151462 0.554290 0.008598 0.014757
0 0.153031 0.560755 0.008598 0.014757
0 0.157281 0.562223 0.008598 0.014757
0 0.155713 0.556054 0.008598 0.014757
0 0.155044 0.549303 0.008598 0.014757
0 0.154150 0.543724 0.008598 0.014757
0 0.154150 0.535496 0.008598 0.014757
0 0.153256 0.529918 0.008598 0.014757
0 0.158175 0.537555 0.008598 0.014757
0 0.158625 0.544602 0.008598 0.014757
0 0.159519 0.550771 0.008598 0.014757
0 0.159744 0.557227 0.008598 0.014757
0 0.160862 0.561632 0.008598 0.014757
0 0.163994 0.559286 0.008598 0.014757
0 0.163319 0.552527 0.008598 0.014757
0 0.163544 0.545480 0.008598 0.014757
0 0.162200 0.536965 0.008598 0.014757
0 0.162650 0.531386 0.008598 0.014757
0 0.169588 0.525513 0.008598 0.014757
0 0.171150 0.532559 0.008598 0.014757
0 0.171825 0.538433 0.008598 0.014757
0 0.172269 0.545775 0.008598 0.014757
0 0.173162 0.554290 0.008598 0.014757
0 0.177638 0.556645 0.008598 0.014757
0 0.176519 0.548130 0.008598 0.014757
0 0.177194 0.541370 0.008598 0.014757
0 0.181669 0.541961 0.008598 0.014757
0 0.183006 0.550476 0.008598 0.014757
0 0.192181 0.550771 0.008598 0.014757
0 0.191513 0.541665 0.008598 0.014757
0 0.191513 0.536087 0.008598 0.014757
0 0.196206 0.543724 0.008598 0.014757
0 0.197550 0.552822 0.008598 0.014757
0 0.202250 0.553413 0.008598 0.014757
0 0.206275 0.554586 0.008598 0.014757
0 0.204931 0.545480 0.008598 0.014757
0 0.204931 0.539024 0.008598 0.014757
0 0.209631 0.531091 0.008598 0.014757
0 0.210300 0.539319 0.008598 0.014757
0 0.212094 0.546948 0.008598 0.014757
0 0.211200 0.555759 0.008598 0.014757
0 0.216119 0.556932 0.008598 0.014757
0 0.217012 0.548130 0.008598 0.014757
0 0.205606 0.495267 0.008598 0.014757
0 0.205831 0.501140 0.008598 0.014757
0 0.206500 0.508778 0.008598 0.014757
0 0.206725 0.515529 0.008598 0.014757
0 0.212094 0.517588 0.008598 0.014757
0 0.211419 0.509368 0.008598 0.014757
0 0.210975 0.502609 0.008598 0.014757
0 0.209856 0.493216 0.008598 0.014757
0 0.209406 0.486169 0.008598 0.014757
0 0.208288 0.478827 0.008598 0.014757
0 0.212319 0.478532 0.008598 0.014757
0 0.213438 0.485283 0.008598 0.014757
0 0.215450 0.494684 0.008598 0.014757
0 0.215450 0.502026 0.008598 0.014757
0 0.215894 0.509655 0.008598 0.014757
0 0.217012 0.516998 0.008598 0.014757
0 0.223281 0.518466 0.008598 0.014757
0 0.223056 0.510837 0.008598 0.014757
0 0.221488 0.501436 0.008598 0.014757
0 0.221044 0.494979 0.008598 0.014757
0 0.219700 0.488220 0.008598 0.014757
0 0.218356 0.478827 0.008598 0.014757
0 0.232225 0.518171 0.008598 0.014757
0 0.232006 0.512297 0.008598 0.014757
0 0.232225 0.502609 0.008598 0.014757
0 0.230887 0.496735 0.008598 0.014757
0 0.227306 0.511124 0.008598 0.014757
0 0.226631 0.519057 0.008598 0.014757
0 0.219475 0.532855 0.008598 0.014757
0 0.219925 0.541665 0.008598 0.014757
0 0.221044 0.547834 0.008598 0.014757
0 0.221713 0.556645 0.008598 0.014757
0 0.226412 0.557818 0.008598 0.014757
0 0.225963 0.548417 0.008598 0.014757
0 0.225294 0.542543 0.008598 0.014757
0 0.231331 0.548712 0.008598 0.014757
0 0.233569 0.558696 0.008598 0.014757
0 0.233569 0.480878 0.008598 0.014757
0 0.235806 0.487342 0.008598 0.014757
0 0.235581 0.496448 0.008598 0.014757
0 0.237150 0.502904 0.008598 0.014757
0 0.236925 0.512297 0.008598 0.014757
0 0.238044 0.519352 0.008598 0.014757
0 0.241625 0.519352 0.008598 0.014757
0 0.242294 0.512888 0.008598 0.014757
0 0.241625 0.503495 0.008598 0.014757
0 0.240281 0.496448 0.008598 0.014757
0 0.240281 0.488811 0.008598 0.014757
0 0.244306 0.473249 0.008598 0.014757
0 0.245650 0.481173 0.008598 0.014757
0 0.246544 0.487342 0.008598 0.014757
0 0.247438 0.496735 0.008598 0.014757
0 0.247887 0.505546 0.008598 0.014757
0 0.248781 0.512297 0.008598 0.014757
0 0.250125 0.519352 0.008598 0.014757
0 0.255269 0.520525 0.008598 0.014757
0 0.254150 0.513183 0.008598 0.014757
0 0.253931 0.507900 0.008598 0.014757
0 0.255494 0.481764 0.008598 0.014757
0 0.257063 0.489984 0.008598 0.014757
0 0.259300 0.497621 0.008598 0.014757
0 0.260194 0.506719 0.008598 0.014757
0 0.259300 0.515529 0.008598 0.014757
0 0.260194 0.520525 0.008598 0.014757
0 0.266456 0.523167 0.008598 0.014757
0 0.265563 0.515529 0.008598 0.014757
0 0.264669 0.506136 0.008598 0.014757
0 0.263550 0.498794 0.008598 0.014757
0 0.263325 0.489393 0.008598 0.014757
0 0.261313 0.481764 0.008598 0.014757
0 0.242069 0.551649 0.008598 0.014757
0 0.241850 0.559582 0.008598 0.014757
0 0.243863 0.568679 0.008598 0.014757
0 0.244981 0.574848 0.008598 0.014757
0 0.244981 0.581304 0.008598 0.014757
0 0.240281 0.580722 0.008598 0.014757
0 0.237375 0.573675 0.008598 0.014757
0 0.251244 0.583068 0.008598 0.014757
0 0.251244 0.575726 0.008598 0.014757
0 0.248556 0.568975 0.008598 0.014757
0 0.249006 0.561050 0.008598 0.014757
0 0.248781 0.552527 0.008598 0.014757
0 0.250125 0.538138 0.008598 0.014757
0 0.253481 0.544897 0.008598 0.014757
0 0.254150 0.553413 0.008598 0.014757
0 0.254600 0.562223 0.008598 0.014757
0 0.255269 0.568384 0.008598 0.014757
0 0.255494 0.577194 0.008598 0.014757
0 0.254825 0.583954 0.008598 0.014757
0 0.261756 0.583954 0.008598 0.014757
0 0.261087 0.578080 0.008598 0.014757
0 0.259969 0.570148 0.008598 0.014757
0 0.258850 0.563101 0.008598 0.014757
0 0.258850 0.554586 0.008598 0.014757
0 0.263994 0.555759 0.008598 0.014757
0 0.264669 0.563692 0.008598 0.014757
0 0.265113 0.572789 0.008598 0.014757
0 0.268244 0.578958 0.008598 0.014757
0 0.267800 0.583954 0.008598 0.014757
0 0.272944 0.573084 0.008598 0.014757
0 0.272944 0.579549 0.008598 0.014757
0 0.278762 0.574848 0.008598 0.014757
0 0.285475 0.582486 0.008598 0.014757
0 0.286369 0.575726 0.008598 0.014757
0 0.284356 0.567506 0.008598 0.014757
0 0.284356 0.559869 0.008598 0.014757
0 0.274956 0.523167 0.008598 0.014757
0 0.272500 0.517293 0.008598 0.014757
0 0.271825 0.509951 0.008598 0.014757
0 0.275406 0.485578 0.008598 0.014757
0 0.276969 0.493511 0.008598 0.014757
0 0.278312 0.501436 0.008598 0.014757
0 0.278088 0.509951 0.008598 0.014757
0 0.280325 0.518171 0.008598 0.014757
0 0.281444 0.524340 0.008598 0.014757
0 0.285250 0.525808 0.008598 0.014757
0 0.285700 0.517293 0.008598 0.014757
0 0.285700 0.511124 0.008598 0.014757
0 0.284356 0.500845 0.008598 0.014757
0 0.282344 0.492043 0.008598 0.014757
0 0.281225 0.483527 0.008598 0.014757
0 0.289725 0.491747 0.008598 0.014757
0 0.290619 0.502904 0.008598 0.014757
0 0.290619 0.513765 0.008598 0.014757
0 0.291287 0.522289 0.008598 0.014757
0 0.292406 0.527276 0.008598 0.014757
0 0.295094 0.520230 0.008598 0.014757
0 0.298000 0.528154 0.008598 0.014757
0 0.245875 0.429196 0.008598 0.014757
0 0.246319 0.436243 0.008598 0.014757
0 0.247438 0.445349 0.008598 0.014757
0 0.247438 0.453864 0.008598 0.014757
0 0.254375 0.453864 0.008598 0.014757
0 0.252812 0.446817 0.008598 0.014757
0 0.253031 0.439180 0.008598 0.014757
0 0.252362 0.429491 0.008598 0.014757
0 0.251694 0.418335 0.008598 0.014757
0 0.255494 0.413929 0.008598 0.014757
0 0.255494 0.421854 0.008598 0.014757
0 0.257956 0.430082 0.008598 0.014757
0 0.257956 0.437711 0.008598 0.014757
0 0.259519 0.446226 0.008598 0.014757
0 0.259300 0.453568 0.008598 0.014757
0 0.268244 0.454750 0.008598 0.014757
0 0.266906 0.447112 0.008598 0.014757
0 0.266006 0.438007 0.008598 0.014757
0 0.264444 0.431255 0.008598 0.014757
0 0.263994 0.420976 0.008598 0.014757
0 0.263994 0.411870 0.008598 0.014757
0 0.272944 0.438893 0.008598 0.014757
0 0.273394 0.446522 0.008598 0.014757
0 0.273619 0.453864 0.008598 0.014757
0 0.279431 0.455923 0.008598 0.014757
0 0.278987 0.446226 0.008598 0.014757
0 0.277644 0.437711 0.008598 0.014757
0 0.278088 0.432133 0.008598 0.014757
0 0.276075 0.420681 0.008598 0.014757
0 0.275181 0.411583 0.008598 0.014757
0 0.281669 0.411583 0.008598 0.014757
0 0.284131 0.421272 0.008598 0.014757
0 0.283906 0.430664 0.008598 0.014757
0 0.284800 0.439475 0.008598 0.014757
0 0.284800 0.445053 0.008598 0.014757
0 0.286144 0.452691 0.008598 0.014757
0 0.291963 0.454750 0.008598 0.014757
0 0.291963 0.447112 0.008598 0.014757
0 0.290169 0.438893 0.008598 0.014757
0 0.289950 0.430082 0.008598 0.014757
0 0.289275 0.421272 0.008598 0.014757
0 0.286812 0.410993 0.008598 0.014757
0 0.294869 0.411870 0.008598 0.014757
0 0.295987 0.421272 0.008598 0.014757
0 0.296438 0.430377 0.008598 0.014757
0 0.297331 0.440648 0.008598 0.014757
0 0.298225 0.446522 0.008598 0.014757
0 0.300013 0.455628 0.008598 0.014757
0 0.290169 0.552822 0.008598 0.014757
0 0.289725 0.560459 0.008598 0.014757
0 0.289725 0.568679 0.008598 0.014757
0 0.292856 0.577785 0.008598 0.014757
0 0.291737 0.583363 0.008598 0.014757
0 0.264037 0.404881 0.008598 0.014757
0 0.273706 0.404537 0.008598 0.014757
0 0.281225 0.405234 0.008598 0.014757
0 0.279881 0.399245 0.008598 0.014757
0 0.306994 0.411583 0.008598 0.014757
0 0.306994 0.420041 0.008598 0.014757
0 0.308606 0.430607 0.008598 0.014757
0 0.309413 0.440123 0.008598 0.014757
0 0.309950 0.447523 0.008598 0.014757
0 0.310219 0.456333 0.008598 0.014757
0 0.305650 0.456333 0.008598 0.014757
0 0.316931 0.456686 0.008598 0.014757
0 0.316931 0.448581 0.008598 0.014757
0 0.315587 0.440123 0.008598 0.014757
0 0.314781 0.431313 0.008598 0.014757
0 0.314244 0.421444 0.008598 0.014757
0 0.319613 0.420738 0.008598 0.014757
0 0.321763 0.429196 0.008598 0.014757
0 0.323638 0.439770 0.008598 0.014757
0 0.323638 0.448934 0.008598 0.014757
0 0.324175 0.456333 0.008598 0.014757
0 0.331694 0.457391 0.008598 0.014757
0 0.329012 0.447875 0.008598 0.014757
0 0.329012 0.440123 0.008598 0.014757
0 0.328744 0.432724 0.008598 0.014757
0 0.327400 0.421444 0.008598 0.014757
0 0.332769 0.414750 0.008598 0.014757
0 0.334113 0.421444 0.008598 0.014757
0 0.336256 0.430960 0.008598 0.014757
0 0.336256 0.439065 0.008598 0.014757
0 0.336794 0.447875 0.008598 0.014757
0 0.336794 0.456333 0.008598 0.014757
0 0.344044 0.457039 0.008598 0.014757
0 0.345925 0.448228 0.008598 0.014757
0 0.344313 0.441181 0.008598 0.014757
0 0.343237 0.430960 0.008598 0.014757
0 0.348875 0.422502 0.008598 0.014757
0 0.350219 0.433076 0.008598 0.014757
0 0.351025 0.440476 0.008598 0.014757
0 0.351025 0.449639 0.008598 0.014757
0 0.352100 0.459852 0.008598 0.014757
0 0.359613 0.459147 0.008598 0.014757
0 0.357737 0.449992 0.008598 0.014757
0 0.356394 0.441887 0.008598 0.014757
0 0.356394 0.430254 0.008598 0.014757
0 0.356931 0.422855 0.008598 0.014757
0 0.364181 0.433782 0.008598 0.014757
0 0.364712 0.442240 0.008598 0.014757
0 0.365250 0.450697 0.008598 0.014757
0 0.367938 0.459852 0.008598 0.014757
0 0.304044 0.504258 0.008598 0.014757
0 0.304044 0.514118 0.008598 0.014757
0 0.304850 0.521518 0.008598 0.014757
0 0.306188 0.528220 0.008598 0.014757
0 0.312094 0.531034 0.008598 0.014757
0 0.311294 0.523281 0.008598 0.014757
0 0.309681 0.514471 0.008598 0.014757
0 0.309413 0.504258 0.008598 0.014757
0 0.313437 0.495094 0.008598 0.014757
0 0.328206 0.487695 0.008598 0.014757
0 0.327131 0.496505 0.008598 0.014757
0 0.320688 0.506366 0.008598 0.014757
0 0.315319 0.506719 0.008598 0.014757
0 0.316125 0.513421 0.008598 0.014757
0 0.315856 0.521518 0.008598 0.014757
0 0.316394 0.529270 0.008598 0.014757
0 0.322837 0.531739 0.008598 0.014757
0 0.321763 0.522929 0.008598 0.014757
0 0.322300 0.514118 0.008598 0.014757
0 0.327131 0.504963 0.008598 0.014757
0 0.329275 0.516235 0.008598 0.014757
0 0.329012 0.523987 0.008598 0.014757
0 0.330619 0.532092 0.008598 0.014757
0 0.337331 0.533150 0.008598 0.014757
0 0.334650 0.524692 0.008598 0.014757
0 0.334919 0.515882 0.008598 0.014757
0 0.334919 0.508482 0.008598 0.014757
0 0.333306 0.496153 0.008598 0.014757
0 0.338675 0.486989 0.008598 0.014757
0 0.341356 0.496153 0.008598 0.014757
0 0.342431 0.516940 0.008598 0.014757
0 0.343237 0.526456 0.008598 0.014757
0 0.344850 0.533150 0.008598 0.014757
0 0.350756 0.534208 0.008598 0.014757
0 0.351025 0.528925 0.008598 0.014757
0 0.350756 0.519057 0.008598 0.014757
0 0.349950 0.510952 0.008598 0.014757
0 0.347262 0.498966 0.008598 0.014757
0 0.348069 0.489811 0.008598 0.014757
0 0.355050 0.512010 0.008598 0.014757
0 0.356394 0.519409 0.008598 0.014757
0 0.357200 0.528220 0.008598 0.014757
0 0.357737 0.536325 0.008598 0.014757
0 0.364450 0.537375 0.008598 0.014757
0 0.364450 0.529270 0.008598 0.014757
0 0.363644 0.519409 0.008598 0.014757
0 0.363375 0.510952 0.008598 0.014757
0 0.367938 0.484167 0.008598 0.014757
0 0.368206 0.491214 0.008598 0.014757
0 0.368475 0.498261 0.008598 0.014757
0 0.371156 0.513421 0.008598 0.014757
0 0.371156 0.519409 0.008598 0.014757
0 0.371694 0.529270 0.008598 0.014757
0 0.372231 0.537728 0.008598 0.014757
0 0.380019 0.539844 0.008598 0.014757
0 0.378944 0.529623 0.008598 0.014757
0 0.378675 0.522223 0.008598 0.014757
0 0.378138 0.514824 0.008598 0.014757
0 0.382700 0.483109 0.008598 0.014757
0 0.382700 0.491567 0.008598 0.014757
0 0.385387 0.500730 0.008598 0.014757
0 0.387000 0.514471 0.008598 0.014757
0 0.387000 0.523634 0.008598 0.014757
0 0.386731 0.532092 0.008598 0.014757
0 0.389681 0.541255 0.008598 0.014757
0 0.397738 0.541608 0.008598 0.014757
0 0.396663 0.531386 0.008598 0.014757
0 0.395856 0.523281 0.008598 0.014757
0 0.396125 0.514824 0.008598 0.014757
0 0.393981 0.502141 0.008598 0.014757
0 0.402300 0.502494 0.008598 0.014757
0 0.402837 0.514118 0.008598 0.014757
0 0.405256 0.524340 0.008598 0.014757
0 0.403913 0.532092 0.008598 0.014757
0 0.404450 0.542666 0.008598 0.014757
0 0.413306 0.542666 0.008598 0.014757
0 0.411963 0.533856 0.008598 0.014757
0 0.410625 0.526456 0.008598 0.014757
0 0.410894 0.515882 0.008598 0.014757
0 0.416262 0.488400 0.008598 0.014757
0 0.416800 0.495447 0.008598 0.014757
0 0.417606 0.503905 0.008598 0.014757
0 0.419481 0.515882 0.008598 0.014757
0 0.420288 0.525751 0.008598 0.014757
0 0.420019 0.535267 0.008598 0.014757
0 0.421900 0.543372 0.008598 0.014757
0 0.429681 0.544774 0.008598 0.014757
0 0.428344 0.537022 0.008598 0.014757
0 0.426463 0.526103 0.008598 0.014757
0 0.426731 0.517293 0.008598 0.014757
0 0.433175 0.488400 0.008598 0.014757
0 0.433444 0.496153 0.008598 0.014757
0 0.433981 0.504963 0.008598 0.014757
0 0.435856 0.519057 0.008598 0.014757
0 0.435325 0.526456 0.008598 0.014757
0 0.436931 0.535972 0.008598 0.014757
0 0.437200 0.545480 0.008598 0.014757
0 0.442300 0.498614 0.008598 0.014757
0 0.441494 0.507071 0.008598 0.014757
0 0.448206 0.479943 0.008598 0.014757
0 0.450894 0.488048 0.008598 0.014757
0 0.452506 0.498261 0.008598 0.014757
0 0.453044 0.507777 0.008598 0.014757
0 0.444719 0.519409 0.008598 0.014757
0 0.445525 0.531034 0.008598 0.014757
0 0.444988 0.540902 0.008598 0.014757
0 0.445256 0.546185 0.008598 0.014757
0 0.454113 0.549713 0.008598 0.014757
0 0.453306 0.541608 0.008598 0.014757
0 0.452775 0.531739 0.008598 0.014757
0 0.451969 0.522576 0.008598 0.014757
0 0.462169 0.532092 0.008598 0.014757
0 0.464588 0.540550 0.008598 0.014757
0 0.465125 0.552527 0.008598 0.014757
0 0.471562 0.552879 0.008598 0.014757
0 0.473175 0.541961 0.008598 0.014757
0 0.472638 0.533150 0.008598 0.014757
0 0.472638 0.524692 0.008598 0.014757
0 0.472100 0.511657 0.008598 0.014757
0 0.469687 0.502141 0.008598 0.014757
0 0.469687 0.491920 0.008598 0.014757
0 0.477737 0.491920 0.008598 0.014757
0 0.477469 0.501083 0.008598 0.014757
0 0.480694 0.512363 0.008598 0.014757
0 0.479081 0.524340 0.008598 0.014757
0 0.481769 0.532445 0.008598 0.014757
0 0.482038 0.544774 0.008598 0.014757
0 0.481769 0.553232 0.008598 0.014757
0 0.492238 0.554996 0.008598 0.014757
0 0.491969 0.546185 0.008598 0.014757
0 0.491969 0.535972 0.008598 0.014757
0 0.490088 0.524692 0.008598 0.014757
0 0.489819 0.513068 0.008598 0.014757
0 0.486869 0.502494 0.008598 0.014757
0 0.487406 0.492625 0.008598 0.014757
0 0.488750 0.483815 0.008598 0.014757
0 0.497606 0.503552 0.008598 0.014757
0 0.499487 0.512363 0.008598 0.014757
0 0.500563 0.525398 0.008598 0.014757
0 0.501631 0.537728 0.008598 0.014757
0 0.501900 0.547596 0.008598 0.014757
0 0.501900 0.554643 0.008598 0.014757
0 0.511031 0.557465 0.008598 0.014757
0 0.511300 0.548302 0.008598 0.014757
0 0.509419 0.537728 0.008598 0.014757
0 0.507537 0.513068 0.008598 0.014757
0 0.517206 0.496505 0.008598 0.014757
0 0.516669 0.505316 0.008598 0.014757
0 0.518281 0.514824 0.008598 0.014757
0 0.520425 0.538080 0.008598 0.014757
0 0.519350 0.548302 0.008598 0.014757
0 0.520962 0.558171 0.008598 0.014757
0 0.294375 0.562395 0.008598 0.014757
0 0.295987 0.569442 0.008598 0.014757
0 0.297331 0.577547 0.008598 0.014757
0 0.297869 0.585652 0.008598 0.014757
0 0.299212 0.592346 0.008598 0.014757
0 0.305387 0.593404 0.008598 0.014757
0 0.304313 0.577547 0.008598 0.014757
0 0.304581 0.586005 0.008598 0.014757
0 0.301894 0.570853 0.008598 0.014757
0 0.301894 0.560984 0.008598 0.014757
0 0.300281 0.552879 0.008598 0.014757
0 0.307262 0.554643 0.008598 0.014757
0 0.308337 0.562395 0.008598 0.014757
0 0.307531 0.571911 0.008598 0.014757
0 0.311294 0.579664 0.008598 0.014757
0 0.312094 0.586710 0.008598 0.014757
0 0.310487 0.595521 0.008598 0.014757
0 0.319344 0.595874 0.008598 0.014757
0 0.317463 0.588474 0.008598 0.014757
0 0.316125 0.581075 0.008598 0.014757
0 0.315587 0.573322 0.008598 0.014757
0 0.314781 0.561690 0.008598 0.014757
0 0.313706 0.556054 0.008598 0.014757
0 0.312362 0.548302 0.008598 0.014757
0 0.317731 0.549007 0.008598 0.014757
0 0.320956 0.558876 0.008598 0.014757
0 0.320150 0.564512 0.008598 0.014757
0 0.322031 0.573322 0.008598 0.014757
0 0.322569 0.581075 0.008598 0.014757
0 0.324175 0.588827 0.008598 0.014757
0 0.324712 0.596579 0.008598 0.014757
0 0.331156 0.598343 0.008598 0.014757
0 0.330081 0.591641 0.008598 0.014757
0 0.329012 0.581780 0.008598 0.014757
0 0.329012 0.576842 0.008598 0.014757
0 0.334381 0.557818 0.008598 0.014757
0 0.333844 0.566981 0.008598 0.014757
0 0.334919 0.578253 0.008598 0.014757
0 0.336794 0.584594 0.008598 0.014757
0 0.336794 0.592699 0.008598 0.014757
0 0.338137 0.600098 0.008598 0.014757
0 0.343506 0.601862 0.008598 0.014757
0 0.344313 0.595521 0.008598 0.014757
0 0.341894 0.586358 0.008598 0.014757
0 0.341356 0.579664 0.008598 0.014757
0 0.347262 0.559582 0.008598 0.014757
0 0.349412 0.568384 0.008598 0.014757
0 0.349412 0.578958 0.008598 0.014757
0 0.350756 0.587769 0.008598 0.014757
0 0.349950 0.596226 0.008598 0.014757
0 0.351294 0.605037 0.008598 0.014757
0 0.356931 0.604331 0.008598 0.014757
0 0.357469 0.596579 0.008598 0.014757
0 0.356394 0.589180 0.008598 0.014757
0 0.355319 0.580722 0.008598 0.014757
0 0.362837 0.582838 0.008598 0.014757
0 0.363913 0.589532 0.008598 0.014757
0 0.362837 0.597637 0.008598 0.014757
0 0.365519 0.606792 0.008598 0.014757
0 0.371425 0.608909 0.008598 0.014757
0 0.371156 0.599393 0.008598 0.014757
0 0.370619 0.593404 0.008598 0.014757
0 0.368475 0.572970 0.008598 0.014757
0 0.374381 0.565923 0.008598 0.014757
0 0.375725 0.574733 0.008598 0.014757
0 0.376525 0.584947 0.008598 0.014757
0 0.378406 0.592699 0.008598 0.014757
0 0.378406 0.601862 0.008598 0.014757
0 0.379213 0.610673 0.008598 0.014757
0 0.385119 0.613142 0.008598 0.014757
0 0.385387 0.603273 0.008598 0.014757
0 0.384850 0.595168 0.008598 0.014757
0 0.384313 0.587063 0.008598 0.014757
0 0.390487 0.561337 0.008598 0.014757
0 0.391025 0.568737 0.008598 0.014757
0 0.391025 0.577547 0.008598 0.014757
0 0.392906 0.589532 0.008598 0.014757
0 0.392906 0.596226 0.008598 0.014757
0 0.392638 0.604331 0.008598 0.014757
0 0.393175 0.612789 0.008598 0.014757
0 0.403913 0.614545 0.008598 0.014757
0 0.404450 0.607498 0.008598 0.014757
0 0.401494 0.598696 0.008598 0.014757
0 0.405794 0.570853 0.008598 0.014757
0 0.408206 0.580369 0.008598 0.014757
0 0.410356 0.591993 0.008598 0.014757
0 0.409550 0.600098 0.008598 0.014757
0 0.410356 0.607498 0.008598 0.014757
0 0.412231 0.617719 0.008598 0.014757
0 0.418944 0.618425 0.008598 0.014757
0 0.420019 0.609967 0.008598 0.014757
0 0.417069 0.601509 0.008598 0.014757
0 0.417869 0.593757 0.008598 0.014757
0 0.417869 0.582486 0.008598 0.014757
0 0.420019 0.559934 0.008598 0.014757
0 0.421631 0.566276 0.008598 0.014757
0 0.424044 0.574028 0.008598 0.014757
0 0.424850 0.583536 0.008598 0.014757
0 0.425925 0.595874 0.008598 0.014757
0 0.426194 0.603979 0.008598 0.014757
0 0.426731 0.611378 0.008598 0.014757
0 0.428613 0.619483 0.008598 0.014757
0 0.436394 0.621247 0.008598 0.014757
0 0.435856 0.613847 0.008598 0.014757
0 0.433981 0.605742 0.008598 0.014757
0 0.434519 0.596579 0.008598 0.014757
0 0.433444 0.582838 0.008598 0.014757
0 0.430756 0.575783 0.008598 0.014757
0 0.432369 0.567334 0.008598 0.014757
0 0.440425 0.568737 0.008598 0.014757
0 0.439888 0.577194 0.008598 0.014757
0 0.441494 0.586005 0.008598 0.014757
0 0.442569 0.596932 0.008598 0.014757
0 0.443375 0.604684 0.008598 0.014757
0 0.444988 0.615956 0.008598 0.014757
0 0.449281 0.588827 0.008598 0.014757
0 0.450087 0.599040 0.008598 0.014757
0 0.451162 0.607851 0.008598 0.014757
0 0.451969 0.619483 0.008598 0.014757
0 0.461631 0.619483 0.008598 0.014757
0 0.459481 0.609262 0.008598 0.014757
0 0.458681 0.600098 0.008598 0.014757
0 0.458413 0.588121 0.008598 0.014757
0 0.475594 0.572617 0.008598 0.014757
0 0.474788 0.583888 0.008598 0.014757
0 0.477737 0.593757 0.008598 0.014757
0 0.467000 0.604331 0.008598 0.014757
0 0.468344 0.612436 0.008598 0.014757
0 0.469419 0.620894 0.008598 0.014757
0 0.478006 0.612789 0.008598 0.014757
0 0.479081 0.621600 0.008598 0.014757
0 0.485794 0.615603 0.008598 0.014757
0 0.495994 0.618778 0.008598 0.014757
0 0.497875 0.610320 0.008598 0.014757
0 0.494919 0.596579 0.008598 0.014757
0 0.494919 0.587769 0.008598 0.014757
0 0.503513 0.578605 0.008598 0.014757
0 0.504319 0.589180 0.008598 0.014757
0 0.505125 0.596932 0.008598 0.014757
0 0.505663 0.611025 0.008598 0.014757
0 0.506200 0.619130 0.008598 0.014757
0 0.445281 0.625398 0.008598 0.014757
0 0.453013 0.626423 0.008598 0.014757
0 0.460744 0.628433 0.008598 0.014757
0 0.468881 0.629984 0.008598 0.014757
0 0.477769 0.633011 0.008598 0.014757
0 0.487431 0.626423 0.008598 0.014757
0 0.488963 0.635554 0.008598 0.014757
0 0.499031 0.636046 0.008598 0.014757
0 0.497094 0.626916 0.008598 0.014757
0 0.506763 0.639106 0.008598 0.014757
0 0.505981 0.628433 0.008598 0.014757
0 0.526869 0.496013 0.008598 0.014757
0 0.529556 0.506653 0.008598 0.014757
0 0.530737 0.517818 0.008598 0.014757
0 0.530331 0.530509 0.008598 0.014757
0 0.531888 0.539631 0.008598 0.014757
0 0.530737 0.549779 0.008598 0.014757
0 0.532669 0.560459 0.008598 0.014757
0 0.538469 0.508203 0.008598 0.014757
0 0.538469 0.518351 0.008598 0.014757
0 0.540775 0.528499 0.008598 0.014757
0 0.540400 0.539139 0.008598 0.014757
0 0.540000 0.548269 0.008598 0.014757
0 0.542331 0.559934 0.008598 0.014757
0 0.513713 0.583290 0.008598 0.014757
0 0.515269 0.590377 0.008598 0.014757
0 0.515650 0.599007 0.008598 0.014757
0 0.515269 0.611198 0.008598 0.014757
0 0.514869 0.621846 0.008598 0.014757
0 0.516800 0.630968 0.008598 0.014757
0 0.517581 0.641649 0.008598 0.014757
0 0.527244 0.643659 0.008598 0.014757
0 0.525687 0.634528 0.008598 0.014757
0 0.525687 0.623355 0.008598 0.014757
0 0.525687 0.615250 0.008598 0.014757
0 0.525687 0.602075 0.008598 0.014757
0 0.533825 0.573601 0.008598 0.014757
0 0.532900 0.583339 0.008598 0.014757
0 0.534294 0.594914 0.008598 0.014757
0 0.533363 0.605258 0.008598 0.014757
0 0.535219 0.614397 0.008598 0.014757
0 0.535219 0.625964 0.008598 0.014757
0 0.535219 0.635710 0.008598 0.014757
0 0.538469 0.646062 0.008598 0.014757
0 0.550063 0.649713 0.008598 0.014757
0 0.546819 0.639967 0.008598 0.014757
0 0.544963 0.630230 0.008598 0.014757
0 0.544038 0.618048 0.008598 0.014757
0 0.542181 0.605874 0.008598 0.014757
0 0.542644 0.598564 0.008598 0.014757
0 0.550994 0.564463 0.008598 0.014757
0 0.550994 0.553503 0.008598 0.014757
0 0.550063 0.543150 0.008598 0.014757
0 0.550063 0.533413 0.008598 0.014757
0 0.548212 0.518794 0.008598 0.014757
0 0.555169 0.495053 0.008598 0.014757
0 0.557025 0.506620 0.008598 0.014757
0 0.557025 0.519409 0.008598 0.014757
0 0.558881 0.541329 0.008598 0.014757
0 0.558419 0.551682 0.008598 0.014757
0 0.559806 0.567506 0.008598 0.014757
0 0.554237 0.597957 0.008598 0.014757
0 0.553775 0.609524 0.008598 0.014757
0 0.560269 0.597957 0.008598 0.014757
0 0.561662 0.610738 0.008598 0.014757
0 0.556562 0.621698 0.008598 0.014757
0 0.556562 0.631444 0.008598 0.014757
0 0.558881 0.639967 0.008598 0.014757
0 0.557488 0.651542 0.008598 0.014757
0 0.565837 0.656407 0.008598 0.014757
0 0.566300 0.646062 0.008598 0.014757
0 0.576044 0.658236 0.008598 0.014757
0 0.576044 0.646669 0.008598 0.014757
0 0.574650 0.633273 0.008598 0.014757
0 0.573725 0.614397 0.008598 0.014757
0 0.574188 0.601001 0.008598 0.014757
0 0.571869 0.586998 0.008598 0.014757
0 0.563475 0.493043 0.008598 0.014757
0 0.564631 0.509787 0.008598 0.014757
0 0.566163 0.520927 0.008598 0.014757
0 0.568856 0.538712 0.008598 0.014757
0 0.569644 0.553929 0.008598 0.014757
0 0.570012 0.569639 0.008598 0.014757
0 0.579706 0.558499 0.008598 0.014757
0 0.578131 0.522453 0.008598 0.014757
0 0.578919 0.510271 0.008598 0.014757
0 0.576600 0.498646 0.008598 0.014757
0 0.584719 0.570673 0.008598 0.014757
0 0.580869 0.587424 0.008598 0.014757
0 0.584350 0.602642 0.008598 0.014757
0 0.587037 0.615857 0.008598 0.014757
0 0.584350 0.634610 0.008598 0.014757
0 0.584719 0.648802 0.008598 0.014757
0 0.588200 0.664020 0.008598 0.014757
0 0.599794 0.667613 0.008598 0.014757
0 0.597850 0.651354 0.008598 0.014757
0 0.596319 0.637170 0.008598 0.014757
0 0.595944 0.617867 0.008598 0.014757
0 0.597475 0.604651 0.008598 0.014757
0 0.594788 0.591985 0.008598 0.014757
0 0.594788 0.570189 0.008598 0.014757
0 0.594369 0.556489 0.008598 0.014757
0 0.592469 0.544799 0.008598 0.014757
0 0.590888 0.526046 0.008598 0.014757
0 0.590519 0.509787 0.008598 0.014757
0 0.590150 0.496571 0.008598 0.014757
0 0.600588 0.497605 0.008598 0.014757
0 0.600956 0.512346 0.008598 0.014757
0 0.602119 0.523970 0.008598 0.014757
0 0.604806 0.544307 0.008598 0.014757
0 0.605225 0.558499 0.008598 0.014757
0 0.605225 0.572683 0.008598 0.014757
0 0.605225 0.592477 0.008598 0.014757
0 0.606756 0.605685 0.008598 0.014757
0 0.608288 0.619385 0.008598 0.014757
0 0.609075 0.639180 0.008598 0.014757
0 0.609075 0.652387 0.008598 0.014757
0 0.609444 0.666095 0.008598 0.014757
0 0.623362 0.669623 0.008598 0.014757
0 0.622619 0.655439 0.008598 0.014757
0 0.619513 0.642707 0.008598 0.014757
0 0.619144 0.622436 0.008598 0.014757
0 0.618725 0.609221 0.008598 0.014757
0 0.619144 0.593995 0.008598 0.014757
0 0.616031 0.572199 0.008598 0.014757
0 0.614500 0.560016 0.008598 0.014757
0 0.614500 0.547358 0.008598 0.014757
0 0.611394 0.527564 0.008598 0.014757
0 0.613344 0.513864 0.008598 0.014757
0 0.612556 0.500648 0.008598 0.014757
0 0.625681 0.501140 0.008598 0.014757
0 0.626100 0.511797 0.008598 0.014757
0 0.626100 0.526046 0.008598 0.014757
0 0.627631 0.549360 0.008598 0.014757
0 0.628000 0.564102 0.008598 0.014757
0 0.627631 0.575726 0.008598 0.014757
0 0.628794 0.595521 0.008598 0.014757
0 0.630319 0.613298 0.008598 0.014757
0 0.631112 0.621944 0.008598 0.014757
0 0.632644 0.644233 0.008598 0.014757
0 0.633056 0.659450 0.008598 0.014757
0 0.633800 0.674676 0.008598 0.014757
0 0.647350 0.676743 0.008598 0.014757
0 0.642338 0.627490 0.008598 0.014757
0 0.641550 0.580295 0.008598 0.014757
0 0.638437 0.529089 0.008598 0.014757
0 0.650038 0.501140 0.008598 0.014757
0 0.650456 0.516358 0.008598 0.014757
0 0.653144 0.528056 0.008598 0.014757
0 0.651988 0.552412 0.008598 0.014757
0 0.655094 0.562576 0.008598 0.014757
0 0.656625 0.579319 0.008598 0.014757
0 0.658156 0.598080 0.008598 0.014757
0 0.656256 0.614331 0.008598 0.014757
0 0.655462 0.629007 0.008598 0.014757
0 0.657787 0.651354 0.008598 0.014757
0 0.657412 0.663536 0.008598 0.014757
0 0.659731 0.679795 0.008598 0.014757
0 0.672494 0.681805 0.008598 0.014757
0 0.669756 0.667613 0.008598 0.014757
0 0.670544 0.652387 0.008598 0.014757
0 0.668225 0.632600 0.008598 0.014757
0 0.668594 0.616833 0.008598 0.014757
0 0.671331 0.603134 0.008598 0.014757
0 0.668225 0.580845 0.008598 0.014757
0 0.668225 0.568121 0.008598 0.014757
0 0.667438 0.552412 0.008598 0.014757
0 0.666275 0.533109 0.008598 0.014757
0 0.665531 0.517884 0.008598 0.014757
0 0.664375 0.501690 0.008598 0.014757
0 0.677875 0.502174 0.008598 0.014757
0 0.675969 0.517400 0.008598 0.014757
0 0.676344 0.533109 0.008598 0.014757
0 0.678662 0.554963 0.008598 0.014757
0 0.679819 0.567629 0.008598 0.014757
0 0.679819 0.583339 0.008598 0.014757
0 0.681769 0.604167 0.008598 0.014757
0 0.683300 0.619385 0.008598 0.014757
0 0.682931 0.633093 0.008598 0.014757
0 0.685994 0.656407 0.008598 0.014757
0 0.685994 0.670107 0.008598 0.014757
0 0.685619 0.684848 0.008598 0.014757
0 0.690256 0.504184 0.008598 0.014757
0 0.691050 0.519951 0.008598 0.014757
0 0.692206 0.531583 0.008598 0.014757
0 0.695269 0.552896 0.008598 0.014757
0 0.696056 0.568121 0.008598 0.014757
0 0.697219 0.584372 0.008598 0.014757
0 0.696844 0.606727 0.008598 0.014757
0 0.696844 0.620911 0.008598 0.014757
0 0.698375 0.636136 0.008598 0.014757
0 0.697588 0.656957 0.008598 0.014757
0 0.698750 0.672666 0.008598 0.014757
0 0.699169 0.685332 0.008598 0.014757
0 0.713081 0.690451 0.008598 0.014757
0 0.711925 0.674676 0.008598 0.014757
0 0.713081 0.660492 0.008598 0.014757
0 0.710344 0.638146 0.008598 0.014757
0 0.711925 0.622436 0.008598 0.014757
0 0.712669 0.607695 0.008598 0.014757
0 0.709975 0.584372 0.008598 0.014757
0 0.708444 0.572683 0.008598 0.014757
0 0.707656 0.555455 0.008598 0.014757
0 0.707281 0.535660 0.008598 0.014757
0 0.707281 0.519409 0.008598 0.014757
0 0.705337 0.504184 0.008598 0.014757
0 0.720413 0.505710 0.008598 0.014757
0 0.720781 0.521477 0.008598 0.014757
0 0.722363 0.535660 0.008598 0.014757
0 0.721200 0.558499 0.008598 0.014757
0 0.723106 0.574758 0.008598 0.014757
0 0.722363 0.590468 0.008598 0.014757
0 0.724263 0.611288 0.008598 0.014757
0 0.724263 0.624446 0.008598 0.014757
0 0.724263 0.641739 0.008598 0.014757
0 0.726213 0.660976 0.008598 0.014757
0 0.728531 0.679795 0.008598 0.014757
0 0.727000 0.695505 0.008598 0.014757
0 0.740500 0.697022 0.008598 0.014757
0 0.741287 0.681313 0.008598 0.014757
0 0.742450 0.665546 0.008598 0.014757
0 0.740131 0.644233 0.008598 0.014757
0 0.740131 0.630041 0.008598 0.014757
0 0.740131 0.589975 0.008598 0.014757
0 0.738600 0.576768 0.008598 0.014757
0 0.738969 0.561058 0.008598 0.014757
0 0.735863 0.534627 0.008598 0.014757
0 0.735119 0.523970 0.008598 0.014757
0 0.734700 0.506251 0.008598 0.014757
0 0.752100 0.507777 0.008598 0.014757
0 0.751356 0.525004 0.008598 0.014757
0 0.752513 0.541756 0.008598 0.014757
0 0.754419 0.590952 0.008598 0.014757
0 0.755206 0.615857 0.008598 0.014757
0 0.755994 0.632051 0.008598 0.014757
0 0.756737 0.646300 0.008598 0.014757
0 0.756369 0.671148 0.008598 0.014757
0 0.757525 0.683806 0.008598 0.014757
0 0.758688 0.700558 0.008598 0.014757
0 0.774925 0.704151 0.008598 0.014757
0 0.774131 0.687892 0.008598 0.014757
0 0.772231 0.673158 0.008598 0.014757
0 0.771444 0.649836 0.008598 0.014757
0 0.773394 0.633093 0.008598 0.014757
0 0.769494 0.595029 0.008598 0.014757
0 0.769912 0.578285 0.008598 0.014757
0 0.769912 0.564586 0.008598 0.014757
0 0.768750 0.536153 0.008598 0.014757
0 0.768750 0.525004 0.008598 0.014757
0 0.766431 0.508261 0.008598 0.014757
0 0.782669 0.508261 0.008598 0.014757
0 0.786150 0.526530 0.008598 0.014757
0 0.783831 0.540230 0.008598 0.014757
0 0.784988 0.564586 0.008598 0.014757
0 0.787681 0.595521 0.008598 0.014757
0 0.785731 0.579811 0.008598 0.014757
0 0.787306 0.621395 0.008598 0.014757
0 0.787306 0.637654 0.008598 0.014757
0 0.790000 0.654397 0.008598 0.014757
0 0.789631 0.675226 0.008598 0.014757
0 0.790000 0.692945 0.008598 0.014757
0 0.791950 0.707678 0.008598 0.014757
0 0.808187 0.710722 0.008598 0.014757
0 0.810875 0.695989 0.008598 0.014757
0 0.809344 0.677719 0.008598 0.014757
0 0.810506 0.656407 0.008598 0.014757
0 0.807025 0.639664 0.008598 0.014757
0 0.808556 0.622436 0.008598 0.014757
0 0.807025 0.600082 0.008598 0.014757
0 0.806606 0.583888 0.008598 0.014757
0 0.806606 0.565619 0.008598 0.014757
0 0.805075 0.541756 0.008598 0.014757
0 0.804287 0.527014 0.008598 0.014757
0 0.807025 0.510271 0.008598 0.014757
0 0.820944 0.509295 0.008598 0.014757
0 0.822100 0.527564 0.008598 0.014757
0 0.823631 0.546317 0.008598 0.014757
0 0.824419 0.570189 0.008598 0.014757
0 0.824006 0.582855 0.008598 0.014757
0 0.824794 0.600632 0.008598 0.014757
0 0.824794 0.623954 0.008598 0.014757
0 0.829063 0.640697 0.008598 0.014757
0 0.825162 0.658966 0.008598 0.014757
0 0.824006 0.681805 0.008598 0.014757
0 0.824794 0.699582 0.008598 0.014757
0 0.825950 0.712732 0.008598 0.014757
0 0.844137 0.718335 0.008598 0.014757
0 0.842975 0.702075 0.008598 0.014757
0 0.841400 0.661526 0.008598 0.014757
0 0.841819 0.644783 0.008598 0.014757
0 0.842562 0.602642 0.008598 0.014757
0 0.841031 0.585898 0.008598 0.014757
0 0.840244 0.568121 0.008598 0.014757
0 0.842187 0.544799 0.008598 0.014757
0 0.839500 0.529089 0.008598 0.014757
0 0.837919 0.511797 0.008598 0.014757
0 0.856475 0.530607 0.008598 0.014757
0 0.857269 0.548326 0.008598 0.014757
0 0.857638 0.571165 0.008598 0.014757
0 0.858056 0.589434 0.008598 0.014757
0 0.861119 0.607695 0.008598 0.014757
0 0.861119 0.629007 0.008598 0.014757
0 0.860375 0.649836 0.008598 0.014757
0 0.862694 0.665546 0.008598 0.014757
0 0.861119 0.687400 0.008598 0.014757
0 0.864225 0.704635 0.008598 0.014757
0 0.863856 0.722412 0.008598 0.014757
0 0.876206 0.514881 0.008598 0.014757
0 0.876981 0.533150 0.008598 0.014757
0 0.877756 0.547859 0.008598 0.014757
0 0.878144 0.574758 0.008598 0.014757
0 0.876981 0.590484 0.008598 0.014757
0 0.880075 0.608244 0.008598 0.014757
0 0.878531 0.631583 0.008598 0.014757
0 0.878912 0.650361 0.008598 0.014757
0 0.878912 0.667613 0.008598 0.014757
0 0.880463 0.692477 0.008598 0.014757
0 0.881238 0.708203 0.008598 0.014757
0 0.882394 0.725964 0.008598 0.014757
0 0.902500 0.731042 0.008598 0.014757
0 0.900950 0.712264 0.008598 0.014757
0 0.900175 0.696538 0.008598 0.014757
0 0.899794 0.670656 0.008598 0.014757
0 0.900175 0.649852 0.008598 0.014757
0 0.897469 0.635135 0.008598 0.014757
0 0.896312 0.605710 0.008598 0.014757
0 0.896312 0.587441 0.008598 0.014757
0 0.896312 0.573232 0.008598 0.014757
0 0.896312 0.550911 0.008598 0.014757
0 0.897087 0.533150 0.008598 0.014757
0 0.896312 0.513355 0.008598 0.014757
0 0.915256 0.530098 0.008598 0.014757
0 0.917963 0.551920 0.008598 0.014757
0 0.916800 0.575767 0.008598 0.014757
0 0.916800 0.597588 0.008598 0.014757
0 0.918350 0.613831 0.008598 0.014757
0 0.916412 0.637678 0.008598 0.014757
0 0.919506 0.657974 0.008598 0.014757
0 0.919894 0.673700 0.008598 0.014757
0 0.919506 0.698564 0.008598 0.014757
0 0.919506 0.716325 0.008598 0.014757
0 0.919119 0.730533 0.008598 0.014757
0 0.940769 0.738655 0.008598 0.014757
0 0.938837 0.720894 0.008598 0.014757
0 0.940769 0.702625 0.008598 0.014757
0 0.939225 0.672691 0.008598 0.014757
0 0.937294 0.661017 0.008598 0.014757
0 0.938450 0.642240 0.008598 0.014757
0 0.939225 0.615349 0.008598 0.014757
0 0.938837 0.596571 0.008598 0.014757
0 0.938450 0.575267 0.008598 0.014757
0 0.938450 0.555980 0.008598 0.014757
0 0.939613 0.536702 0.008598 0.014757
0 0.935356 0.516399 0.008598 0.014757
0 0.954688 0.516399 0.008598 0.014757
0 0.959325 0.537203 0.008598 0.014757
0 0.959712 0.555980 0.008598 0.014757
0 0.954300 0.582871 0.008598 0.014757
0 0.956231 0.601140 0.008598 0.014757
0 0.958169 0.620427 0.008598 0.014757
0 0.959712 0.645792 0.008598 0.014757
0 0.958169 0.663552 0.008598 0.014757
0 0.960875 0.679795 0.008598 0.014757
0 0.960487 0.704651 0.008598 0.014757
0 0.961644 0.725463 0.008598 0.014757
0 0.958556 0.741189 0.008598 0.014757
0 0.979044 0.746768 0.008598 0.014757
0 0.979044 0.728507 0.008598 0.014757
0 0.983294 0.711756 0.008598 0.014757
0 0.980200 0.682838 0.008598 0.014757
0 0.980588 0.666095 0.008598 0.014757
0 0.981750 0.650361 0.008598 0.014757
0 0.978269 0.620427 0.008598 0.014757
0 0.982138 0.601140 0.008598 0.014757
0 0.977881 0.583888 0.008598 0.014757
0 0.979044 0.556998 0.008598 0.014757
0 0.978656 0.538220 0.008598 0.014757
0 0.981750 0.520459 0.008598 0.014757
0 0.997213 0.517416 0.008598 0.014757
0 0.998375 0.538220 0.008598 0.014757
0 0.997988 0.555980 0.008598 0.014757
0 0.997988 0.584906 0.008598 0.014757
0 0.998375 0.605201 0.008598 0.014757
0 0.998375 0.620927 0.008598 0.014757
0 0.997213 0.646300 0.008598 0.014757
0 0.998756 0.667104 0.008598 0.014757
0 0.998375 0.682330 0.008598 0.014757
0 1.000000 0.712264 0.008598 0.014757
0 0.998756 0.730025 0.008598 0.014757
0 0.998375 0.746768 0.008598 0.014757
0 0.020944 0.586005 0.008598 0.014757
0 0.023363 0.588827 0.008598 0.014757
0 0.025238 0.589885 0.008598 0.014757
0 0.029000 0.590591 0.008598 0.014757
0 0.021750 0.591288 0.008598 0.014757
0 0.023094 0.593404 0.008598 0.014757
0 0.024169 0.593052 0.008598 0.014757
0 0.026044 0.593757 0.008598 0.014757
0 0.028463 0.594463 0.008598 0.014757
0 0.034369 0.587063 0.008598 0.014757
0 0.033563 0.590943 0.008598 0.014757
0 0.031950 0.597285 0.008598 0.014757
0 0.034100 0.597637 0.008598 0.014757
0 0.034369 0.594463 0.008598 0.014757
0 0.034638 0.591641 0.008598 0.014757
0 0.037050 0.591993 0.008598 0.014757
0 0.035981 0.595874 0.008598 0.014757
0 0.036250 0.597990 0.008598 0.014757
0 0.025775 0.607498 0.008598 0.014757
0 0.026044 0.611731 0.008598 0.014757
0 0.026850 0.616308 0.008598 0.014757
0 0.028194 0.607145 0.008598 0.014757
0 0.029000 0.614200 0.008598 0.014757
0 0.029537 0.618425 0.008598 0.014757
0 0.031412 0.619130 0.008598 0.014757
0 0.030875 0.612436 0.008598 0.014757
0 0.030344 0.606792 0.008598 0.014757
0 0.033563 0.608909 0.008598 0.014757
0 0.032756 0.613847 0.008598 0.014757
0 0.033563 0.619836 0.008598 0.014757
0 0.035712 0.620189 0.008598 0.014757
0 0.034638 0.615603 0.008598 0.014757
0 0.035712 0.610673 0.008598 0.014757
0 0.036781 0.615250 0.008598 0.014757
0 0.037050 0.620541 0.008598 0.014757
0 0.039738 0.615603 0.008598 0.014757
0 0.039738 0.621600 0.008598 0.014757
0 0.042956 0.613142 0.008598 0.014757
0 0.042419 0.618425 0.008598 0.014757
0 0.042419 0.622650 0.008598 0.014757
0 0.044031 0.623708 0.008598 0.014757
0 0.044031 0.618425 0.008598 0.014757
0 0.046450 0.618072 0.008598 0.014757
0 0.049669 0.621247 0.008598 0.014757
0 0.050475 0.626883 0.008598 0.014757
0 0.052088 0.621600 0.008598 0.014757
0 0.052088 0.627941 0.008598 0.014757
0 0.055575 0.627941 0.008598 0.014757
0 0.055844 0.623355 0.008598 0.014757
0 0.058531 0.619836 0.008598 0.014757
0 0.059606 0.624766 0.008598 0.014757
0 0.059606 0.630402 0.008598 0.014757
0 0.065244 0.631460 0.008598 0.014757
0 0.067119 0.626883 0.008598 0.014757
0 0.067925 0.632871 0.008598 0.014757
0 0.070881 0.626883 0.008598 0.014757
0 0.041081 0.599393 0.008598 0.014757
0 0.043225 0.600451 0.008598 0.014757
0 0.040275 0.597637 0.008598 0.014757
0 0.042687 0.594463 0.008598 0.014757
0 0.046181 0.589532 0.008598 0.014757
0 0.046450 0.596226 0.008598 0.014757
0 0.045912 0.601509 0.008598 0.014757
0 0.048594 0.602215 0.008598 0.014757
0 0.048063 0.596579 0.008598 0.014757
0 0.048325 0.591641 0.008598 0.014757
0 0.049400 0.596226 0.008598 0.014757
0 0.050475 0.603273 0.008598 0.014757
0 0.052894 0.603626 0.008598 0.014757
0 0.054231 0.597637 0.008598 0.014757
0 0.051819 0.593052 0.008598 0.014757
0 0.056112 0.598696 0.008598 0.014757
0 0.054769 0.604684 0.008598 0.014757
0 0.057188 0.605742 0.008598 0.014757
0 0.058531 0.600098 0.008598 0.014757
0 0.059875 0.606448 0.008598 0.014757
0 0.062556 0.607145 0.008598 0.014757
0 0.062019 0.602215 0.008598 0.014757
0 0.064169 0.601509 0.008598 0.014757
0 0.064438 0.607145 0.008598 0.014757
0 0.067387 0.608556 0.008598 0.014757
0 0.069269 0.609967 0.008598 0.014757
0 0.068731 0.605037 0.008598 0.014757
0 0.071950 0.609967 0.008598 0.014757
0 0.073831 0.611025 0.008598 0.014757
0 0.077056 0.612436 0.008598 0.014757
0 0.080006 0.612789 0.008598 0.014757
0 0.074369 0.606448 0.008598 0.014757
0 0.026850 0.633224 0.008598 0.014757
0 0.027925 0.631460 0.008598 0.014757
0 0.026312 0.638860 0.008598 0.014757
0 0.027656 0.640271 0.008598 0.014757
0 0.030344 0.642034 0.008598 0.014757
0 0.029000 0.637457 0.008598 0.014757
0 0.029806 0.635340 0.008598 0.014757
0 0.037050 0.643798 0.008598 0.014757
0 0.039738 0.645554 0.008598 0.014757
0 0.041619 0.645554 0.008598 0.014757
0 0.042956 0.642034 0.008598 0.014757
0 0.040812 0.640271 0.008598 0.014757
0 0.031144 0.653306 0.008598 0.014757
0 0.032756 0.654364 0.008598 0.014757
0 0.030344 0.657892 0.008598 0.014757
0 0.031681 0.657892 0.008598 0.014757
0 0.030344 0.662469 0.008598 0.014757
0 0.031681 0.663175 0.008598 0.014757
0 0.032756 0.664938 0.008598 0.014757
0 0.035175 0.665644 0.008598 0.014757
0 0.033831 0.658597 0.008598 0.014757
0 0.041081 0.662822 0.008598 0.014757
0 0.039200 0.660714 0.008598 0.014757
0 0.038125 0.666349 0.008598 0.014757
0 0.040544 0.666702 0.008598 0.014757
0 0.038931 0.657539 0.008598 0.014757
0 0.041888 0.670221 0.008598 0.014757
0 0.043494 0.664586 0.008598 0.014757
0 0.043763 0.670221 0.008598 0.014757
0 0.045912 0.663880 0.008598 0.014757
0 0.046450 0.670927 0.008598 0.014757
0 0.048063 0.665644 0.008598 0.014757
0 0.049131 0.661764 0.008598 0.014757
0 0.050475 0.667760 0.008598 0.014757
0 0.049131 0.672691 0.008598 0.014757
0 0.051281 0.673043 0.008598 0.014757
0 0.053163 0.668466 0.008598 0.014757
0 0.053431 0.673749 0.008598 0.014757
0 0.055844 0.669163 0.008598 0.014757
0 0.057725 0.669163 0.008598 0.014757
0 0.060138 0.671280 0.008598 0.014757
0 0.063363 0.670221 0.008598 0.014757
0 0.064169 0.672691 0.008598 0.014757
0 0.066850 0.673749 0.008598 0.014757
0 0.066581 0.675865 0.008598 0.014757
0 0.061212 0.673749 0.008598 0.014757
0 0.055844 0.676563 0.008598 0.014757
0 0.057994 0.676563 0.008598 0.014757
0 0.060944 0.677621 0.008598 0.014757
0 0.062825 0.679032 0.008598 0.014757
0 0.065244 0.679385 0.008598 0.014757
0 0.067925 0.680443 0.008598 0.014757
0 0.069538 0.676563 0.008598 0.014757
0 0.070613 0.683618 0.008598 0.014757
0 0.073294 0.678326 0.008598 0.014757
0 0.074637 0.684315 0.008598 0.014757
0 0.080275 0.681501 0.008598 0.014757
0 0.077325 0.679032 0.008598 0.014757
0 0.077325 0.685373 0.008598 0.014757
0 0.079738 0.686079 0.008598 0.014757
0 0.082425 0.687842 0.008598 0.014757
0 0.084300 0.688901 0.008598 0.014757
0 0.085106 0.684315 0.008598 0.014757
0 0.088331 0.685021 0.008598 0.014757
0 0.087256 0.689959 0.008598 0.014757
0 0.089137 0.689959 0.008598 0.014757
0 0.046450 0.643093 0.008598 0.014757
0 0.044569 0.646259 0.008598 0.014757
0 0.047794 0.643798 0.008598 0.014757
0 0.046719 0.648728 0.008598 0.014757
0 0.048063 0.649787 0.008598 0.014757
0 0.050475 0.644504 0.008598 0.014757
0 0.050206 0.651198 0.008598 0.014757
0 0.052894 0.651198 0.008598 0.014757
0 0.055306 0.652256 0.008598 0.014757
0 0.058263 0.652609 0.008598 0.014757
0 0.061481 0.649081 0.008598 0.014757
0 0.061481 0.653306 0.008598 0.014757
0 0.067119 0.644856 0.008598 0.014757
0 0.065781 0.650492 0.008598 0.014757
0 0.065244 0.654717 0.008598 0.014757
0 0.068462 0.651550 0.008598 0.014757
0 0.067119 0.656833 0.008598 0.014757
0 0.067925 0.658244 0.008598 0.014757
0 0.070613 0.659303 0.008598 0.014757
0 0.073294 0.659655 0.008598 0.014757
0 0.074100 0.653306 0.008598 0.014757
0 0.071688 0.652256 0.008598 0.014757
0 0.075981 0.661411 0.008598 0.014757
0 0.078394 0.661764 0.008598 0.014757
0 0.077856 0.656481 0.008598 0.014757
0 0.076250 0.655422 0.008598 0.014757
0 0.081350 0.657892 0.008598 0.014757
0 0.081350 0.663880 0.008598 0.014757
0 0.083231 0.664938 0.008598 0.014757
0 0.085913 0.665644 0.008598 0.014757
0 0.086988 0.660008 0.008598 0.014757
0 0.084300 0.659303 0.008598 0.014757
0 0.071419 0.634282 0.008598 0.014757
0 0.073294 0.634988 0.008598 0.014757
0 0.073563 0.630402 0.008598 0.014757
0 0.075713 0.636046 0.008598 0.014757
0 0.078125 0.631813 0.008598 0.014757
0 0.077856 0.637104 0.008598 0.014757
0 0.080275 0.638154 0.008598 0.014757
0 0.080813 0.632166 0.008598 0.014757
0 0.082694 0.633224 0.008598 0.014757
0 0.082156 0.639565 0.008598 0.014757
0 0.088063 0.639565 0.008598 0.014757
0 0.088331 0.633929 0.008598 0.014757
0 0.090475 0.630049 0.008598 0.014757
0 0.092088 0.636399 0.008598 0.014757
0 0.091012 0.640976 0.008598 0.014757
0 0.095313 0.643798 0.008598 0.014757
0 0.095844 0.638860 0.008598 0.014757
0 0.094775 0.634635 0.008598 0.014757
0 0.098262 0.638860 0.008598 0.014757
0 0.098262 0.643798 0.008598 0.014757
0 0.100681 0.644856 0.008598 0.014757
0 0.104169 0.639565 0.008598 0.014757
0 0.104169 0.634988 0.008598 0.014757
0 0.108462 0.633929 0.008598 0.014757
0 0.109000 0.640271 0.008598 0.014757
0 0.108462 0.646612 0.008598 0.014757
0 0.105512 0.646612 0.008598 0.014757
0 0.093700 0.615956 0.008598 0.014757
0 0.094775 0.617367 0.008598 0.014757
0 0.097456 0.617367 0.008598 0.014757
0 0.099606 0.618072 0.008598 0.014757
0 0.102825 0.619836 0.008598 0.014757
0 0.106319 0.620894 0.008598 0.014757
0 0.108731 0.621600 0.008598 0.014757
0 0.111419 0.622650 0.008598 0.014757
0 0.114637 0.623355 0.008598 0.014757
0 0.113562 0.616661 0.008598 0.014757
0 0.118938 0.626177 0.008598 0.014757
0 0.116250 0.625119 0.008598 0.014757
0 0.100681 0.613495 0.008598 0.014757
0 0.104169 0.612084 0.008598 0.014757
0 0.105781 0.615603 0.008598 0.014757
0 0.108194 0.614897 0.008598 0.014757
0 0.107656 0.617367 0.008598 0.014757
0 0.112225 0.612436 0.008598 0.014757
0 0.110075 0.617367 0.008598 0.014757
0 0.126719 0.614897 0.008598 0.014757
0 0.125644 0.620894 0.008598 0.014757
0 0.121887 0.626177 0.008598 0.014757
0 0.125913 0.627941 0.008598 0.014757
0 0.128331 0.628294 0.008598 0.014757
0 0.128600 0.620894 0.008598 0.014757
0 0.130750 0.629705 0.008598 0.014757
0 0.132088 0.622297 0.008598 0.014757
0 0.135044 0.631460 0.008598 0.014757
0 0.137994 0.631460 0.008598 0.014757
0 0.139069 0.625824 0.008598 0.014757
0 0.141756 0.633224 0.008598 0.014757
0 0.144169 0.633577 0.008598 0.014757
0 0.147394 0.635340 0.008598 0.014757
0 0.150344 0.636046 0.008598 0.014757
0 0.150344 0.626883 0.008598 0.014757
0 0.153569 0.636751 0.008598 0.014757
0 0.156250 0.636751 0.008598 0.014757
0 0.160544 0.638507 0.008598 0.014757
0 0.113831 0.644856 0.008598 0.014757
0 0.112225 0.648728 0.008598 0.014757
0 0.115444 0.650139 0.008598 0.014757
0 0.116250 0.645209 0.008598 0.014757
0 0.117863 0.651198 0.008598 0.014757
0 0.119200 0.646965 0.008598 0.014757
0 0.120813 0.641329 0.008598 0.014757
0 0.122694 0.646965 0.008598 0.014757
0 0.120813 0.654011 0.008598 0.014757
0 0.123231 0.653659 0.008598 0.014757
0 0.126450 0.648023 0.008598 0.014757
0 0.125644 0.654364 0.008598 0.014757
0 0.130213 0.649081 0.008598 0.014757
0 0.129944 0.654364 0.008598 0.014757
0 0.134237 0.650845 0.008598 0.014757
0 0.132625 0.655775 0.008598 0.014757
0 0.135581 0.656481 0.008598 0.014757
0 0.137994 0.658950 0.008598 0.014757
0 0.141219 0.658950 0.008598 0.014757
0 0.144706 0.660008 0.008598 0.014757
0 0.142825 0.654717 0.008598 0.014757
0 0.139875 0.653306 0.008598 0.014757
0 0.148469 0.656481 0.008598 0.014757
0 0.150881 0.663175 0.008598 0.014757
0 0.153837 0.664938 0.008598 0.014757
0 0.156519 0.665644 0.008598 0.014757
0 0.160281 0.666702 0.008598 0.014757
0 0.157056 0.658950 0.008598 0.014757
0 0.159744 0.659655 0.008598 0.014757
0 0.163231 0.660361 0.008598 0.014757
0 0.164037 0.666702 0.008598 0.014757
0 0.090744 0.659655 0.008598 0.014757
0 0.091550 0.667408 0.008598 0.014757
0 0.092894 0.661058 0.008598 0.014757
0 0.094238 0.668113 0.008598 0.014757
0 0.096113 0.668113 0.008598 0.014757
0 0.095044 0.661058 0.008598 0.014757
0 0.099606 0.668466 0.008598 0.014757
0 0.101750 0.670221 0.008598 0.014757
0 0.102825 0.664938 0.008598 0.014757
0 0.104706 0.670927 0.008598 0.014757
0 0.095313 0.687137 0.008598 0.014757
0 0.094775 0.691723 0.008598 0.014757
0 0.097456 0.693831 0.008598 0.014757
0 0.098531 0.687842 0.008598 0.014757
0 0.101750 0.695242 0.008598 0.014757
0 0.102288 0.688901 0.008598 0.014757
0 0.104706 0.691723 0.008598 0.014757
0 0.103900 0.696653 0.008598 0.014757
0 0.106319 0.698064 0.008598 0.014757
0 0.108194 0.693126 0.008598 0.014757
0 0.106856 0.672691 0.008598 0.014757
0 0.106856 0.667760 0.008598 0.014757
0 0.109537 0.673749 0.008598 0.014757
0 0.109806 0.667760 0.008598 0.014757
0 0.112762 0.674454 0.008598 0.014757
0 0.112225 0.670221 0.008598 0.014757
0 0.116250 0.670221 0.008598 0.014757
0 0.115981 0.676916 0.008598 0.014757
0 0.117594 0.677268 0.008598 0.014757
0 0.118938 0.671985 0.008598 0.014757
0 0.121350 0.679032 0.008598 0.014757
0 0.124038 0.679032 0.008598 0.014757
0 0.126719 0.680443 0.008598 0.014757
0 0.130481 0.682207 0.008598 0.014757
0 0.132356 0.682912 0.008598 0.014757
0 0.136119 0.684315 0.008598 0.014757
0 0.138800 0.685373 0.008598 0.014757
0 0.138531 0.679032 0.008598 0.014757
0 0.135044 0.678326 0.008598 0.014757
0 0.132356 0.677268 0.008598 0.014757
0 0.133431 0.671985 0.008598 0.014757
0 0.141487 0.686784 0.008598 0.014757
0 0.144706 0.689606 0.008598 0.014757
0 0.145244 0.683618 0.008598 0.014757
0 0.147125 0.689959 0.008598 0.014757
0 0.151419 0.691017 0.008598 0.014757
0 0.152225 0.686432 0.008598 0.014757
0 0.152494 0.680443 0.008598 0.014757
0 0.155175 0.686784 0.008598 0.014757
0 0.153837 0.693126 0.008598 0.014757
0 0.157056 0.693478 0.008598 0.014757
0 0.160813 0.695947 0.008598 0.014757
0 0.160813 0.690664 0.008598 0.014757
0 0.163769 0.695242 0.008598 0.014757
0 0.164306 0.691370 0.008598 0.014757
0 0.170212 0.670574 0.008598 0.014757
0 0.170212 0.663175 0.008598 0.014757
0 0.170750 0.658244 0.008598 0.014757
0 0.165919 0.639918 0.008598 0.014757
0 0.167794 0.632871 0.008598 0.014757
0 0.169944 0.642034 0.008598 0.014757
0 0.172356 0.642034 0.008598 0.014757
0 0.176119 0.643093 0.008598 0.014757
0 0.180681 0.644151 0.008598 0.014757
0 0.182025 0.638507 0.008598 0.014757
0 0.184706 0.645554 0.008598 0.014757
0 0.187125 0.647317 0.008598 0.014757
0 0.190613 0.648376 0.008598 0.014757
0 0.188738 0.640271 0.008598 0.014757
0 0.191419 0.640623 0.008598 0.014757
0 0.194375 0.648728 0.008598 0.014757
0 0.198131 0.650139 0.008598 0.014757
0 0.200550 0.650845 0.008598 0.014757
0 0.205381 0.652609 0.008598 0.014757
0 0.203231 0.644504 0.008598 0.014757
0 0.210750 0.653659 0.008598 0.014757
0 0.214237 0.655070 0.008598 0.014757
0 0.211556 0.647317 0.008598 0.014757
0 0.214506 0.649787 0.008598 0.014757
0 0.222294 0.650845 0.008598 0.014757
0 0.220950 0.656128 0.008598 0.014757
0 0.224713 0.657892 0.008598 0.014757
0 0.228200 0.658950 0.008598 0.014757
0 0.231687 0.660008 0.008598 0.014757
0 0.174775 0.664938 0.008598 0.014757
0 0.173700 0.670927 0.008598 0.014757
0 0.176925 0.672338 0.008598 0.014757
0 0.179338 0.672338 0.008598 0.014757
0 0.182563 0.673396 0.008598 0.014757
0 0.187394 0.675160 0.008598 0.014757
0 0.190613 0.677268 0.008598 0.014757
0 0.194375 0.679032 0.008598 0.014757
0 0.197862 0.679032 0.008598 0.014757
0 0.199744 0.673749 0.008598 0.014757
0 0.202156 0.680443 0.008598 0.014757
0 0.204306 0.675160 0.008598 0.014757
0 0.204844 0.682207 0.008598 0.014757
0 0.207800 0.675513 0.008598 0.014757
0 0.203769 0.669163 0.008598 0.014757
0 0.208869 0.683970 0.008598 0.014757
0 0.211556 0.683970 0.008598 0.014757
0 0.212900 0.679032 0.008598 0.014757
0 0.216656 0.686079 0.008598 0.014757
0 0.216925 0.679737 0.008598 0.014757
0 0.220413 0.688548 0.008598 0.014757
0 0.222563 0.681854 0.008598 0.014757
0 0.223638 0.675513 0.008598 0.014757
0 0.226319 0.674807 0.008598 0.014757
0 0.226588 0.683265 0.008598 0.014757
0 0.224713 0.688548 0.008598 0.014757
0 0.228469 0.691017 0.008598 0.014757
0 0.231956 0.691017 0.008598 0.014757
0 0.231156 0.684315 0.008598 0.014757
0 0.230619 0.675513 0.008598 0.014757
0 0.111150 0.695595 0.008598 0.014757
0 0.110613 0.699475 0.008598 0.014757
0 0.114144 0.695299 0.008598 0.014757
0 0.113925 0.700878 0.008598 0.014757
0 0.116606 0.702937 0.008598 0.014757
0 0.120412 0.697063 0.008598 0.014757
0 0.119069 0.703232 0.008598 0.014757
0 0.121081 0.703232 0.008598 0.014757
0 0.123544 0.705874 0.008598 0.014757
0 0.128688 0.707637 0.008598 0.014757
0 0.129581 0.700878 0.008598 0.014757
0 0.132269 0.701764 0.008598 0.014757
0 0.127794 0.700000 0.008598 0.014757
0 0.133387 0.708220 0.008598 0.014757
0 0.135400 0.704405 0.008598 0.014757
0 0.135850 0.710861 0.008598 0.014757
0 0.137413 0.706456 0.008598 0.014757
0 0.137637 0.713511 0.008598 0.014757
0 0.141887 0.706456 0.008598 0.014757
0 0.141662 0.714684 0.008598 0.014757
0 0.145469 0.708811 0.008598 0.014757
0 0.145244 0.715267 0.008598 0.014757
0 0.147481 0.716153 0.008598 0.014757
0 0.149269 0.711452 0.008598 0.014757
0 0.151288 0.717908 0.008598 0.014757
0 0.152850 0.712920 0.008598 0.014757
0 0.154194 0.719089 0.008598 0.014757
0 0.154637 0.713511 0.008598 0.014757
0 0.156656 0.709106 0.008598 0.014757
0 0.156875 0.715267 0.008598 0.014757
0 0.156206 0.721140 0.008598 0.014757
0 0.159113 0.721731 0.008598 0.014757
0 0.160013 0.715267 0.008598 0.014757
0 0.162025 0.716153 0.008598 0.014757
0 0.163587 0.711452 0.008598 0.014757
0 0.164262 0.724372 0.008598 0.014757
0 0.165381 0.718794 0.008598 0.014757
0 0.167169 0.726432 0.008598 0.014757
0 0.170075 0.727014 0.008598 0.014757
0 0.168738 0.720558 0.008598 0.014757
0 0.166500 0.697654 0.008598 0.014757
0 0.173212 0.698827 0.008598 0.014757
0 0.176344 0.700591 0.008598 0.014757
0 0.177237 0.695299 0.008598 0.014757
0 0.180369 0.702059 0.008598 0.014757
0 0.181038 0.695299 0.008598 0.014757
0 0.183056 0.702642 0.008598 0.014757
0 0.183950 0.697063 0.008598 0.014757
0 0.186631 0.704988 0.008598 0.014757
0 0.187750 0.698236 0.008598 0.014757
0 0.189988 0.705578 0.008598 0.014757
0 0.191556 0.701173 0.008598 0.014757
0 0.193344 0.706751 0.008598 0.014757
0 0.195356 0.701468 0.008598 0.014757
0 0.197150 0.709984 0.008598 0.014757
0 0.198488 0.701468 0.008598 0.014757
0 0.200281 0.710574 0.008598 0.014757
0 0.202294 0.703815 0.008598 0.014757
0 0.203863 0.710574 0.008598 0.014757
0 0.204756 0.704988 0.008598 0.014757
0 0.206319 0.713216 0.008598 0.014757
0 0.210125 0.705578 0.008598 0.014757
0 0.210350 0.714094 0.008598 0.014757
0 0.215938 0.715562 0.008598 0.014757
0 0.214819 0.711157 0.008598 0.014757
0 0.222206 0.718794 0.008598 0.014757
0 0.225338 0.707925 0.008598 0.014757
0 0.226900 0.719672 0.008598 0.014757
0 0.226900 0.714684 0.008598 0.014757
0 0.231375 0.722026 0.008598 0.014757
0 0.234731 0.722609 0.008598 0.014757
0 0.234731 0.715267 0.008598 0.014757
0 0.238088 0.724372 0.008598 0.014757
0 0.238762 0.718794 0.008598 0.014757
0 0.241669 0.726432 0.008598 0.014757
0 0.243013 0.720263 0.008598 0.014757
0 0.247931 0.727605 0.008598 0.014757
0 0.250619 0.719967 0.008598 0.014757
0 0.254194 0.722026 0.008598 0.014757
0 0.252181 0.730541 0.008598 0.014757
0 0.258450 0.725841 0.008598 0.014757
0 0.255763 0.731715 0.008598 0.014757
0 0.259344 0.733765 0.008598 0.014757
0 0.262250 0.726136 0.008598 0.014757
0 0.263144 0.734947 0.008598 0.014757
0 0.266275 0.729073 0.008598 0.014757
0 0.268294 0.737293 0.008598 0.014757
0 0.271425 0.730837 0.008598 0.014757
0 0.273212 0.737884 0.008598 0.014757
0 0.176562 0.714979 0.008598 0.014757
0 0.175894 0.719672 0.008598 0.014757
0 0.177013 0.727605 0.008598 0.014757
0 0.180594 0.729655 0.008598 0.014757
0 0.180819 0.724077 0.008598 0.014757
0 0.177906 0.721140 0.008598 0.014757
0 0.178800 0.717326 0.008598 0.014757
0 0.185512 0.732297 0.008598 0.014757
0 0.185963 0.724372 0.008598 0.014757
0 0.189094 0.724372 0.008598 0.014757
0 0.189544 0.733478 0.008598 0.014757
0 0.193119 0.734651 0.008598 0.014757
0 0.192675 0.728482 0.008598 0.014757
0 0.197150 0.735529 0.008598 0.014757
0 0.196031 0.730246 0.008598 0.014757
0 0.199831 0.736120 0.008598 0.014757
0 0.200725 0.731124 0.008598 0.014757
0 0.203188 0.737884 0.008598 0.014757
0 0.203412 0.733183 0.008598 0.014757
0 0.207888 0.739934 0.008598 0.014757
0 0.207437 0.736120 0.008598 0.014757
0 0.211244 0.742289 0.008598 0.014757
0 0.210350 0.736120 0.008598 0.014757
0 0.211688 0.731124 0.008598 0.014757
0 0.215494 0.744340 0.008598 0.014757
0 0.215044 0.736998 0.008598 0.014757
0 0.219969 0.746686 0.008598 0.014757
0 0.220413 0.741403 0.008598 0.014757
0 0.223325 0.749623 0.008598 0.014757
0 0.223550 0.741993 0.008598 0.014757
0 0.227125 0.750213 0.008598 0.014757
0 0.229137 0.743462 0.008598 0.014757
0 0.230256 0.751386 0.008598 0.014757
0 0.231600 0.737588 0.008598 0.014757
0 0.234288 0.752855 0.008598 0.014757
0 0.233838 0.745513 0.008598 0.014757
0 0.237644 0.754028 0.008598 0.014757
0 0.237644 0.748745 0.008598 0.014757
0 0.241894 0.756087 0.008598 0.014757
0 0.242563 0.751386 0.008598 0.014757
0 0.245919 0.757260 0.008598 0.014757
0 0.245919 0.752559 0.008598 0.014757
0 0.250169 0.758728 0.008598 0.014757
0 0.254419 0.762543 0.008598 0.014757
0 0.253975 0.758138 0.008598 0.014757
0 0.258225 0.764307 0.008598 0.014757
0 0.260012 0.758138 0.008598 0.014757
0 0.262700 0.765775 0.008598 0.014757
0 0.266725 0.767539 0.008598 0.014757
0 0.268069 0.760492 0.008598 0.014757
0 0.273212 0.764602 0.008598 0.014757
0 0.271200 0.770476 0.008598 0.014757
0 0.273881 0.771944 0.008598 0.014757
0 0.235625 0.693249 0.008598 0.014757
0 0.235850 0.686784 0.008598 0.014757
0 0.239206 0.694717 0.008598 0.014757
0 0.240775 0.688548 0.008598 0.014757
0 0.244131 0.695004 0.008598 0.014757
0 0.248825 0.697063 0.008598 0.014757
0 0.249275 0.690607 0.008598 0.014757
0 0.251738 0.697941 0.008598 0.014757
0 0.252856 0.690894 0.008598 0.014757
0 0.255987 0.700878 0.008598 0.014757
0 0.258894 0.692658 0.008598 0.014757
0 0.260462 0.701764 0.008598 0.014757
0 0.263369 0.695004 0.008598 0.014757
0 0.264037 0.702346 0.008598 0.014757
0 0.267844 0.703232 0.008598 0.014757
0 0.267394 0.694422 0.008598 0.014757
0 0.273881 0.704988 0.008598 0.014757
0 0.275225 0.699122 0.008598 0.014757
0 0.236300 0.661534 0.008598 0.014757
0 0.239656 0.661829 0.008598 0.014757
0 0.243681 0.664176 0.008598 0.014757
0 0.247706 0.665349 0.008598 0.014757
0 0.244131 0.655660 0.008598 0.014757
0 0.249725 0.658007 0.008598 0.014757
0 0.252631 0.666817 0.008598 0.014757
0 0.256656 0.668581 0.008598 0.014757
0 0.261356 0.670049 0.008598 0.014757
0 0.265381 0.671222 0.008598 0.014757
0 0.269856 0.671813 0.008598 0.014757
0 0.275450 0.674159 0.008598 0.014757
0 0.256431 0.660361 0.008598 0.014757
0 0.260688 0.660361 0.008598 0.014757
0 0.285963 0.669459 0.008598 0.014757
0 0.284844 0.676505 0.008598 0.014757
0 0.289100 0.670927 0.008598 0.014757
0 0.289544 0.678860 0.008598 0.014757
0 0.292900 0.680033 0.008598 0.014757
0 0.296925 0.673864 0.008598 0.014757
0 0.296706 0.680911 0.008598 0.014757
0 0.300956 0.675037 0.008598 0.014757
0 0.302300 0.683847 0.008598 0.014757
0 0.299388 0.667112 0.008598 0.014757
0 0.305431 0.676505 0.008598 0.014757
0 0.306994 0.685316 0.008598 0.014757
0 0.309456 0.677974 0.008598 0.014757
0 0.311919 0.685316 0.008598 0.014757
0 0.315944 0.687375 0.008598 0.014757
0 0.314600 0.678860 0.008598 0.014757
0 0.320869 0.687957 0.008598 0.014757
0 0.320869 0.679442 0.008598 0.014757
0 0.327800 0.690312 0.008598 0.014757
0 0.327356 0.682379 0.008598 0.014757
0 0.330713 0.691189 0.008598 0.014757
0 0.330713 0.684438 0.008598 0.014757
0 0.336525 0.692658 0.008598 0.014757
0 0.336750 0.686489 0.008598 0.014757
0 0.341675 0.686784 0.008598 0.014757
0 0.343688 0.679737 0.008598 0.014757
0 0.346594 0.687957 0.008598 0.014757
0 0.343906 0.696185 0.008598 0.014757
0 0.348162 0.697358 0.008598 0.014757
0 0.352856 0.688843 0.008598 0.014757
0 0.353531 0.698827 0.008598 0.014757
0 0.358675 0.700295 0.008598 0.014757
0 0.359125 0.691780 0.008598 0.014757
0 0.357331 0.683552 0.008598 0.014757
0 0.365388 0.685316 0.008598 0.014757
0 0.363375 0.691780 0.008598 0.014757
0 0.363819 0.702642 0.008598 0.014757
0 0.368744 0.704988 0.008598 0.014757
0 0.370088 0.696185 0.008598 0.014757
0 0.375006 0.705283 0.008598 0.014757
0 0.377694 0.700295 0.008598 0.014757
0 0.379931 0.708811 0.008598 0.014757
0 0.386862 0.710861 0.008598 0.014757
0 0.391788 0.712625 0.008598 0.014757
0 0.392906 0.704405 0.008598 0.014757
0 0.397600 0.705283 0.008598 0.014757
0 0.398050 0.715267 0.008598 0.014757
0 0.403869 0.706751 0.008598 0.014757
0 0.403644 0.714389 0.008598 0.014757
0 0.411250 0.719672 0.008598 0.014757
0 0.416619 0.720845 0.008598 0.014757
0 0.417513 0.710574 0.008598 0.014757
0 0.411025 0.710279 0.008598 0.014757
0 0.423331 0.713798 0.008598 0.014757
0 0.423106 0.721436 0.008598 0.014757
0 0.426912 0.702642 0.008598 0.014757
0 0.437875 0.720558 0.008598 0.014757
0 0.434294 0.727309 0.008598 0.014757
0 0.441900 0.730246 0.008598 0.014757
0 0.448838 0.731124 0.008598 0.014757
0 0.454650 0.732888 0.008598 0.014757
0 0.458456 0.725841 0.008598 0.014757
0 0.463375 0.736415 0.008598 0.014757
0 0.470537 0.739352 0.008598 0.014757
0 0.475906 0.740820 0.008598 0.014757
0 0.483513 0.741403 0.008598 0.014757
0 0.280150 0.700878 0.008598 0.014757
0 0.278356 0.706169 0.008598 0.014757
0 0.282162 0.708811 0.008598 0.014757
0 0.286863 0.710861 0.008598 0.014757
0 0.288650 0.703815 0.008598 0.014757
0 0.293125 0.705578 0.008598 0.014757
0 0.291781 0.712625 0.008598 0.014757
0 0.295806 0.713798 0.008598 0.014757
0 0.299837 0.716153 0.008598 0.014757
0 0.303638 0.709393 0.008598 0.014757
0 0.306325 0.719672 0.008598 0.014757
0 0.308563 0.712043 0.008598 0.014757
0 0.310575 0.719089 0.008598 0.014757
0 0.315944 0.714979 0.008598 0.014757
0 0.317062 0.722313 0.008598 0.014757
0 0.321088 0.716735 0.008598 0.014757
0 0.320644 0.722026 0.008598 0.014757
0 0.324669 0.725841 0.008598 0.014757
0 0.330931 0.718499 0.008598 0.014757
0 0.330037 0.727014 0.008598 0.014757
0 0.334738 0.721140 0.008598 0.014757
0 0.333844 0.728482 0.008598 0.014757
0 0.340106 0.721731 0.008598 0.014757
0 0.340775 0.729368 0.008598 0.014757
0 0.343906 0.723199 0.008598 0.014757
0 0.346144 0.732297 0.008598 0.014757
0 0.349281 0.723782 0.008598 0.014757
0 0.351294 0.718203 0.008598 0.014757
0 0.352638 0.727014 0.008598 0.014757
0 0.351294 0.734651 0.008598 0.014757
0 0.356662 0.735824 0.008598 0.014757
0 0.362481 0.737884 0.008598 0.014757
0 0.360019 0.734947 0.008598 0.014757
0 0.362700 0.729073 0.008598 0.014757
0 0.367625 0.732297 0.008598 0.014757
0 0.368519 0.739934 0.008598 0.014757
0 0.370981 0.741993 0.008598 0.014757
0 0.371425 0.732888 0.008598 0.014757
0 0.377469 0.734947 0.008598 0.014757
0 0.379706 0.730541 0.008598 0.014757
0 0.386419 0.730541 0.008598 0.014757
0 0.383506 0.736415 0.008598 0.014757
0 0.383731 0.745217 0.008598 0.014757
0 0.379481 0.743462 0.008598 0.014757
0 0.389100 0.739934 0.008598 0.014757
0 0.388656 0.749336 0.008598 0.014757
0 0.394244 0.741403 0.008598 0.014757
0 0.397825 0.751091 0.008598 0.014757
0 0.400288 0.745513 0.008598 0.014757
0 0.400956 0.753150 0.008598 0.014757
0 0.405656 0.746103 0.008598 0.014757
0 0.407444 0.754323 0.008598 0.014757
0 0.413038 0.756382 0.008598 0.014757
0 0.416844 0.750213 0.008598 0.014757
0 0.420869 0.759024 0.008598 0.014757
0 0.422881 0.753741 0.008598 0.014757
0 0.426912 0.761075 0.008598 0.014757
0 0.432725 0.756382 0.008598 0.014757
0 0.436531 0.747572 0.008598 0.014757
0 0.434519 0.764307 0.008598 0.014757
0 0.438769 0.757260 0.008598 0.014757
0 0.440556 0.767539 0.008598 0.014757
0 0.444806 0.769303 0.008598 0.014757
0 0.443912 0.760788 0.008598 0.014757
0 0.452413 0.763134 0.008598 0.014757
0 0.452863 0.771649 0.008598 0.014757
0 0.457113 0.765193 0.008598 0.014757
0 0.459125 0.775463 0.008598 0.014757
0 0.464719 0.766948 0.008598 0.014757
0 0.464944 0.776645 0.008598 0.014757
0 0.471206 0.770771 0.008598 0.014757
0 0.471881 0.781928 0.008598 0.014757
0 0.477919 0.772527 0.008598 0.014757
0 0.477919 0.782223 0.008598 0.014757
0 0.485075 0.774290 0.008598 0.014757
0 0.484181 0.783979 0.008598 0.014757
0 0.277687 0.739352 0.008598 0.014757
0 0.278356 0.735529 0.008598 0.014757
0 0.282162 0.740820 0.008598 0.014757
0 0.284175 0.736415 0.008598 0.014757
0 0.286187 0.742576 0.008598 0.014757
0 0.290437 0.744930 0.008598 0.014757
0 0.294912 0.746686 0.008598 0.014757
0 0.299837 0.750213 0.008598 0.014757
0 0.304531 0.750509 0.008598 0.014757
0 0.309231 0.752559 0.008598 0.014757
0 0.311244 0.746981 0.008598 0.014757
0 0.307669 0.744044 0.008598 0.014757
0 0.313931 0.755792 0.008598 0.014757
0 0.318181 0.756965 0.008598 0.014757
0 0.323550 0.758433 0.008598 0.014757
0 0.329813 0.761075 0.008598 0.014757
0 0.325788 0.752272 0.008598 0.014757
0 0.332275 0.752272 0.008598 0.014757
0 0.343237 0.759024 0.008598 0.014757
0 0.341894 0.768417 0.008598 0.014757
0 0.338094 0.766661 0.008598 0.014757
0 0.351294 0.763134 0.008598 0.014757
0 0.347713 0.770771 0.008598 0.014757
0 0.355544 0.765193 0.008598 0.014757
0 0.354200 0.772822 0.008598 0.014757
0 0.364044 0.756382 0.008598 0.014757
0 0.365163 0.768417 0.008598 0.014757
0 0.366056 0.776054 0.008598 0.014757
0 0.359569 0.774881 0.008598 0.014757
0 0.369188 0.760788 0.008598 0.014757
0 0.369637 0.770771 0.008598 0.014757
0 0.371425 0.778696 0.008598 0.014757
0 0.374781 0.780459 0.008598 0.014757
0 0.375231 0.772240 0.008598 0.014757
0 0.375006 0.762256 0.008598 0.014757
0 0.381269 0.773708 0.008598 0.014757
0 0.382612 0.783101 0.008598 0.014757
0 0.385075 0.777227 0.008598 0.014757
0 0.387088 0.784865 0.008598 0.014757
0 0.392456 0.786916 0.008598 0.014757
0 0.392456 0.778400 0.008598 0.014757
0 0.398500 0.789852 0.008598 0.014757
0 0.403194 0.780755 0.008598 0.014757
0 0.404087 0.791616 0.008598 0.014757
0 0.406775 0.787211 0.008598 0.014757
0 0.411025 0.793970 0.008598 0.014757
0 0.418406 0.798368 0.008598 0.014757
0 0.420644 0.792789 0.008598 0.014757
0 0.422662 0.800131 0.008598 0.014757
0 0.425569 0.793084 0.008598 0.014757
0 0.430044 0.803659 0.008598 0.014757
0 0.436306 0.804537 0.008598 0.014757
0 0.438769 0.798368 0.008598 0.014757
0 0.443244 0.807178 0.008598 0.014757
0 0.445925 0.801895 0.008598 0.014757
0 0.449506 0.809820 0.008598 0.014757
0 0.456662 0.803363 0.008598 0.014757
0 0.460469 0.804832 0.008598 0.014757
0 0.468075 0.808064 0.008598 0.014757
0 0.282162 0.766366 0.008598 0.014757
0 0.280819 0.773413 0.008598 0.014757
0 0.283950 0.774881 0.008598 0.014757
0 0.286863 0.768712 0.008598 0.014757
0 0.290888 0.777227 0.008598 0.014757
0 0.291556 0.770180 0.008598 0.014757
0 0.294019 0.780164 0.008598 0.014757
0 0.296481 0.772822 0.008598 0.014757
0 0.298944 0.781632 0.008598 0.014757
0 0.301400 0.775176 0.008598 0.014757
0 0.303419 0.782518 0.008598 0.014757
0 0.308113 0.776645 0.008598 0.014757
0 0.307219 0.786038 0.008598 0.014757
0 0.313038 0.780164 0.008598 0.014757
0 0.312144 0.788097 0.008598 0.014757
0 0.316837 0.781337 0.008598 0.014757
0 0.316837 0.789270 0.008598 0.014757
0 0.321313 0.791034 0.008598 0.014757
0 0.322431 0.785447 0.008598 0.014757
0 0.325788 0.793084 0.008598 0.014757
0 0.325788 0.786333 0.008598 0.014757
0 0.332275 0.794553 0.008598 0.014757
0 0.332725 0.788975 0.008598 0.014757
0 0.337869 0.798080 0.008598 0.014757
0 0.340106 0.799836 0.008598 0.014757
0 0.347488 0.801600 0.008598 0.014757
0 0.352187 0.797490 0.008598 0.014757
0 0.352413 0.806005 0.008598 0.014757
0 0.356887 0.799836 0.008598 0.014757
0 0.357781 0.808942 0.008598 0.014757
0 0.362256 0.811001 0.008598 0.014757
0 0.362925 0.803363 0.008598 0.014757
0 0.370088 0.806596 0.008598 0.014757
0 0.373663 0.815111 0.008598 0.014757
0 0.377912 0.817752 0.008598 0.014757
0 0.382837 0.811583 0.008598 0.014757
0 0.384181 0.821280 0.008598 0.014757
0 0.391112 0.814815 0.008598 0.014757
0 0.391112 0.823035 0.008598 0.014757
0 0.395363 0.818048 0.008598 0.014757
0 0.396931 0.825972 0.008598 0.014757
0 0.404763 0.822158 0.008598 0.014757
0 0.403869 0.828909 0.008598 0.014757
0 0.409012 0.824504 0.008598 0.014757
0 0.408562 0.831846 0.008598 0.014757
0 0.413713 0.832732 0.008598 0.014757
0 0.420644 0.833019 0.008598 0.014757
0 0.421319 0.839188 0.008598 0.014757
0 0.430269 0.832732 0.008598 0.014757
0 0.434294 0.842420 0.008598 0.014757
0 0.439438 0.844766 0.008598 0.014757
0 0.443912 0.847408 0.008598 0.014757
0 0.451969 0.849762 0.008598 0.014757
0 0.459125 0.854454 0.008598 0.014757
0 0.463600 0.847408 0.008598 0.014757
0 0.465612 0.857982 0.008598 0.014757
0 0.469194 0.850935 0.008598 0.014757
0 0.466956 0.818048 0.008598 0.014757
0 0.460019 0.814520 0.008598 0.014757
0 0.456219 0.813938 0.008598 0.014757
0 0.477694 0.815111 0.008598 0.014757
0 0.475681 0.821862 0.008598 0.014757
0 0.483956 0.819811 0.008598 0.014757
0 0.482619 0.824504 0.008598 0.014757
0 0.488212 0.827441 0.008598 0.014757
0 0.497606 0.831846 0.008598 0.014757
0 0.507675 0.826563 0.008598 0.014757
0 0.505663 0.833019 0.008598 0.014757
0 0.518188 0.817162 0.008598 0.014757
0 0.512819 0.835373 0.008598 0.014757
0 0.519981 0.829795 0.008598 0.014757
0 0.520875 0.840656 0.008598 0.014757
0 0.525569 0.844184 0.008598 0.014757
0 0.533850 0.846530 0.008598 0.014757
0 0.533625 0.833610 0.008598 0.014757
0 0.539444 0.833314 0.008598 0.014757
0 0.542350 0.850049 0.008598 0.014757
0 0.546600 0.840952 0.008598 0.014757
0 0.548394 0.853872 0.008598 0.014757
0 0.558237 0.859155 0.008598 0.014757
0 0.564500 0.850049 0.008598 0.014757
0 0.568525 0.841829 0.008598 0.014757
0 0.553762 0.845652 0.008598 0.014757
0 0.472775 0.860919 0.008598 0.014757
0 0.479038 0.862387 0.008598 0.014757
0 0.483956 0.867088 0.008598 0.014757
0 0.488656 0.859450 0.008598 0.014757
0 0.493131 0.869139 0.008598 0.014757
0 0.500737 0.861797 0.008598 0.014757
0 0.500737 0.874717 0.008598 0.014757
0 0.507225 0.865619 0.008598 0.014757
0 0.507675 0.876481 0.008598 0.014757
0 0.514387 0.878827 0.008598 0.014757
0 0.514162 0.869729 0.008598 0.014757
0 0.523556 0.881764 0.008598 0.014757
0 0.527363 0.877071 0.008598 0.014757
0 0.534744 0.878540 0.008598 0.014757
0 0.494700 0.787211 0.008598 0.014757
0 0.499394 0.790148 0.008598 0.014757
0 0.503869 0.782223 0.008598 0.014757
0 0.507225 0.793084 0.008598 0.014757
0 0.516844 0.796899 0.008598 0.014757
0 0.515281 0.786333 0.008598 0.014757
0 0.518862 0.778696 0.008598 0.014757
0 0.522437 0.790443 0.008598 0.014757
0 0.524450 0.801304 0.008598 0.014757
0 0.530494 0.800722 0.008598 0.014757
0 0.530494 0.791034 0.008598 0.014757
0 0.539444 0.802773 0.008598 0.014757
0 0.539444 0.794553 0.008598 0.014757
0 0.547275 0.806596 0.008598 0.014757
0 0.547275 0.795726 0.008598 0.014757
0 0.553537 0.807769 0.008598 0.014757
0 0.553762 0.799549 0.008598 0.014757
0 0.563381 0.812174 0.008598 0.014757
0 0.566512 0.807178 0.008598 0.014757
0 0.570538 0.795144 0.008598 0.014757
0 0.572331 0.816874 0.008598 0.014757
0 0.575688 0.807769 0.008598 0.014757
0 0.579263 0.818925 0.008598 0.014757
0 0.589106 0.820984 0.008598 0.014757
0 0.490000 0.744930 0.008598 0.014757
0 0.496037 0.746981 0.008598 0.014757
0 0.504763 0.749040 0.008598 0.014757
0 0.512375 0.752272 0.008598 0.014757
0 0.520200 0.753741 0.008598 0.014757
0 0.527138 0.756965 0.008598 0.014757
0 0.536313 0.759024 0.008598 0.014757
0 0.541456 0.761370 0.008598 0.014757
0 0.550181 0.763429 0.008598 0.014757
0 0.559356 0.767244 0.008598 0.014757
0 0.562931 0.759902 0.008598 0.014757
0 0.568300 0.769598 0.008598 0.014757
0 0.571213 0.762256 0.008598 0.014757
0 0.575688 0.773117 0.008598 0.014757
0 0.584856 0.775463 0.008598 0.014757
0 0.547494 0.876185 0.008598 0.014757
0 0.545037 0.882945 0.008598 0.014757
0 0.566738 0.858573 0.008598 0.014757
0 0.572331 0.850640 0.008598 0.014757
0 0.578144 0.842125 0.008598 0.014757
0 0.574119 0.861509 0.008598 0.014757
0 0.580163 0.855923 0.008598 0.014757
0 0.582619 0.866497 0.008598 0.014757
0 0.550856 0.887244 0.008598 0.014757
0 0.531369 0.889680 0.008598 0.014757
0 0.536475 0.890902 0.008598 0.014757
0 0.544356 0.894553 0.008598 0.014757
0 0.551319 0.896382 0.008598 0.014757
0 0.560594 0.900033 0.008598 0.014757
0 0.559669 0.888466 0.008598 0.014757
0 0.567556 0.903076 0.008598 0.014757
0 0.573119 0.895160 0.008598 0.014757
0 0.575906 0.907949 0.008598 0.014757
0 0.584256 0.910993 0.008598 0.014757
0 0.594000 0.903076 0.008598 0.014757
0 0.594000 0.912822 0.008598 0.014757
0 0.600494 0.906120 0.008598 0.014757
0 0.600494 0.919516 0.008598 0.014757
0 0.605131 0.915258 0.008598 0.014757
0 0.608844 0.923175 0.008598 0.014757
0 0.591675 0.870197 0.008598 0.014757
0 0.589825 0.859844 0.008598 0.014757
0 0.592144 0.850714 0.008598 0.014757
0 0.596781 0.861674 0.008598 0.014757
0 0.600956 0.854364 0.008598 0.014757
0 0.606525 0.865324 0.008598 0.014757
0 0.607912 0.876284 0.008598 0.014757
0 0.597706 0.873847 0.008598 0.014757
0 0.601419 0.829401 0.008598 0.014757
0 0.594925 0.823921 0.008598 0.014757
0 0.598638 0.817219 0.008598 0.014757
0 0.592606 0.814176 0.008598 0.014757
0 0.592144 0.777646 0.008598 0.014757
0 0.600031 0.781296 0.008598 0.014757
0 0.624613 0.769122 0.008598 0.014757
0 0.624150 0.782510 0.008598 0.014757
0 0.621369 0.809303 0.008598 0.014757
0 0.622762 0.822092 0.008598 0.014757
0 0.628794 0.834881 0.008598 0.014757
0 0.626937 0.861066 0.008598 0.014757
0 0.626006 0.876284 0.008598 0.014757
0 0.626006 0.888466 0.008598 0.014757
0 0.629256 0.909779 0.008598 0.014757
0 0.630181 0.923175 0.008598 0.014757
0 0.631575 0.935956 0.008598 0.014757
0 0.654769 0.947531 0.008598 0.014757
0 0.651056 0.896989 0.008598 0.014757
0 0.648738 0.884807 0.008598 0.014757
0 0.646881 0.848277 0.008598 0.014757
0 0.647813 0.836095 0.008598 0.014757
0 0.647813 0.790427 0.008598 0.014757
0 0.671937 0.800779 0.008598 0.014757
0 0.672862 0.785562 0.008598 0.014757
0 0.668687 0.844011 0.008598 0.014757
0 0.671006 0.857408 0.008598 0.014757
0 0.671469 0.882371 0.008598 0.014757
0 0.673787 0.896989 0.008598 0.014757
0 0.675181 0.905513 0.008598 0.014757
0 0.674719 0.950574 0.008598 0.014757
0 0.676575 0.964578 0.008598 0.014757
0 0.700231 0.917695 0.008598 0.014757
0 0.702087 0.903683 0.008598 0.014757
0 0.698844 0.889680 0.008598 0.014757
0 0.699306 0.868368 0.008598 0.014757
0 0.696987 0.850714 0.008598 0.014757
0 0.696519 0.838532 0.008598 0.014757
0 0.697913 0.809918 0.008598 0.014757
0 0.697913 0.795906 0.008598 0.014757
0 0.694669 0.780689 0.008598 0.014757
0 0.722037 0.793478 0.008598 0.014757
0 0.723431 0.803823 0.008598 0.014757
0 0.724356 0.818441 0.008598 0.014757
0 0.726213 0.849491 0.008598 0.014757
0 0.724819 0.862281 0.008598 0.014757
0 0.726675 0.879943 0.008598 0.014757
0 0.728531 0.904299 0.008598 0.014757
0 0.729925 0.918302 0.008598 0.014757
0 0.728069 0.931698 0.008598 0.014757
0 0.729925 0.954225 0.008598 0.014757
0 0.731637 0.985710 0.008598 0.014757
0 0.732988 0.972551 0.008598 0.014757
0 0.758363 0.998007 0.008598 0.014757
0 0.761050 0.985710 0.008598 0.014757
0 0.756369 0.967317 0.008598 0.014757
0 0.757063 0.946251 0.008598 0.014757
0 0.757712 0.927859 0.008598 0.014757
0 0.757712 0.914709 0.008598 0.014757
0 0.753025 0.888400 0.008598 0.014757
0 0.758363 0.876103 0.008598 0.014757
0 0.753719 0.833117 0.008598 0.014757
0 0.753719 0.815578 0.008598 0.014757
0 0.755019 0.798039 0.008598 0.014757
0 0.784431 0.809491 0.008598 0.014757
0 0.783781 0.826112 0.008598 0.014757
0 0.783088 0.841034 0.008598 0.014757
0 0.784431 0.884873 0.008598 0.014757
0 0.785081 0.898876 0.008598 0.014757
0 0.784431 0.956784 0.008598 0.014757
0 0.785081 0.978704 0.008598 0.014757
0 0.787775 0.994471 0.008598 0.014757
0 0.816488 0.969934 0.008598 0.014757
0 0.816488 0.953249 0.008598 0.014757
0 0.817188 0.911173 0.008598 0.014757
0 0.816488 0.896259 0.008598 0.014757
0 0.813844 0.852420 0.008598 0.014757
0 0.811806 0.836645 0.008598 0.014757
0 0.815144 0.818261 0.008598 0.014757
0 0.847244 0.832264 0.008598 0.014757
0 0.846550 0.848031 0.008598 0.014757
0 0.849888 0.863806 0.008598 0.014757
0 0.850588 0.909409 0.008598 0.014757
0 0.847244 0.926095 0.008598 0.014757
0 0.852581 0.969934 0.008598 0.014757
0 0.851238 0.983084 0.008598 0.014757
0 0.878606 0.996243 0.008598 0.014757
0 0.883294 0.983938 0.008598 0.014757
0 0.883294 0.964635 0.008598 0.014757
0 0.882644 0.938335 0.008598 0.014757
0 0.883294 0.920796 0.008598 0.014757
0 0.879950 0.878720 0.008598 0.014757
0 0.884637 0.859418 0.008598 0.014757
0 0.948100 0.919089 0.008598 0.014757
0 0.968787 0.922559 0.008598 0.014757
0 0.984194 0.926948 0.008598 0.014757
0 0.996856 0.932248 0.008598 0.014757
0 0.972131 0.943634 0.008598 0.014757